Wavenumber,Silicon_1,Silicon_2,Silicon_3,Silicon_4,Silicon_5,Diamond_1,Diamond_2,Diamond_3,Diamond_4,Diamond_5,Graphene_1,Graphene_2,Graphene_3,Graphene_4,Graphene_5
100.000000,0.000000,0.000000,0.003968,0.014862,0.005643,0.003904,0.000000,0.009477,0.000000,0.000000,0.002541,0.000000,0.013617,0.002695,0.016263
104.930663,0.000000,0.010219,0.000000,0.018367,0.000000,0.000000,0.006119,0.001979,0.001577,0.000000,0.000129,0.000000,0.000000,0.022805,0.003514
109.861325,0.000000,0.003991,0.002900,0.000000,0.006197,0.000000,0.000000,0.034107,0.025324,0.025259,0.000000,0.016619,0.000000,0.017579,0.019680
114.791988,0.000000,0.000000,0.012695,0.000000,0.001738,0.000000,0.000000,0.000385,0.000000,0.001183,0.014018,0.000000,0.008150,0.000000,0.000000
119.722650,0.001009,0.001187,0.000000,0.023306,0.012665,0.021594,0.013700,0.006968,0.025354,0.000000,0.005283,0.000000,0.021122,0.006294,0.004102
124.653313,0.020213,0.000000,0.011697,0.021382,0.000000,0.000000,0.000000,0.000000,0.018661,0.000000,0.000000,0.000000,0.012991,0.000000,0.000000
129.583975,0.000000,0.013836,0.000000,0.000000,0.001850,0.000000,0.013203,0.000000,0.000812,0.000000,0.000000,0.000000,0.000000,0.000000,0.000000
134.514638,0.000000,0.000000,0.016712,0.000000,0.000000,0.018718,0.000000,0.000000,0.013286,0.021420,0.000000,0.000000,0.013296,0.000000,0.000000
139.445300,0.007466,0.000000,0.000000,0.000000,0.000000,0.021346,0.022387,0.000000,0.000000,0.007705,0.000000,0.001846,0.010489,0.000000,0.013960
144.375963,0.005475,0.018275,0.009449,0.000000,0.003349,0.005110,0.019904,0.004480,0.000000,0.017379,0.031461,0.018255,0.000000,0.000000,0.003215
149.306626,0.001706,0.033688,0.002853,0.000000,0.000641,0.000000,0.000000,0.000000,0.000000,0.000000,0.000000,0.014134,0.000000,0.000000,0.000000
154.237288,0.000000,0.030097,0.000000,0.000583,0.000000,0.000000,0.000000,0.025233,0.000000,0.005430,0.006281,0.000000,0.015495,0.003089,0.000000
159.167951,0.000000,0.001064,0.000000,0.000000,0.006064,0.009221,0.000000,0.000000,0.007700,0.016428,0.000000,0.000000,0.013590,0.017277,0.000000
164.098613,0.010565,0.003401,0.003433,0.000000,0.000000,0.000293,0.003028,0.000000,0.000250,0.030144,0.011967,0.010105,0.007817,0.000000,0.020793
169.029276,0.000000,0.023124,0.023439,0.013867,0.000000,0.023339,0.017266,0.002834,0.008547,0.000986,0.006579,0.000000,0.000000,0.007499,0.000000
173.959938,0.000000,0.000000,0.004442,0.000000,0.006606,0.000000,0.000000,0.000000,0.012430,0.000000,0.000000,0.000000,0.000000,0.000000,0.000000
178.890601,0.000000,0.000000,0.004002,0.000000,0.004399,0.010204,0.013791,0.007822,0.000000,0.009384,0.000000,0.000000,0.015487,0.004222,0.007454
183.821263,0.000000,0.001886,0.000000,0.009573,0.016289,0.000000,0.000000,0.008756,0.004702,0.000000,0.000000,0.000000,0.012382,0.000000,0.000355
188.751926,0.000000,0.006909,0.021612,0.012339,0.000000,0.019874,0.000000,0.000000,0.000000,0.000000,0.017866,0.000000,0.007800,0.000000,0.003616
193.682589,0.000000,0.000000,0.027256,0.000000,0.000000,0.000000,0.000000,0.027910,0.002530,0.000000,0.000000,0.004912,0.000000,0.000000,0.011178
198.613251,0.000000,0.000000,0.000583,0.000811,0.003742,0.015489,0.031604,0.000486,0.000000,0.016398,0.009407,0.000000,0.006316,0.000000,0.005102
203.543914,0.004240,0.000000,0.000000,0.000000,0.006988,0.000000,0.000911,0.003478,0.001594,0.018588,0.000000,0.000000,0.000000,0.003295,0.013188
208.474576,0.002528,0.010136,0.000000,0.026370,0.031963,0.000000,0.003702,0.000000,0.020513,0.011385,0.000000,0.000000,0.000000,0.000000,0.000000
213.405239,0.000000,0.000000,0.013419,0.009914,0.009420,0.000000,0.000000,0.000000,0.000000,0.000000,0.006415,0.000925,0.000000,0.000000,0.001175
218.335901,0.000000,0.000000,0.040709,0.000000,0.000000,0.000000,0.016035,0.000000,0.002892,0.038323,0.004843,0.000000,0.004308,0.009568,0.000000
223.266564,0.000000,0.003359,0.010937,0.000236,0.012273,0.000000,0.000000,0.000000,0.000000,0.000000,0.000000,0.015790,0.000000,0.000000,0.001844
228.197227,0.000000,0.009463,0.019142,0.010884,0.000000,0.018038,0.000431,0.000000,0.000000,0.000000,0.000000,0.000000,0.014661,0.003123,0.000000
233.127889,0.001907,0.000000,0.008325,0.007379,0.000000,0.020115,0.033133,0.010799,0.009752,0.000000,0.004409,0.000000,0.011211,0.005390,0.000000
238.058552,0.000000,0.007669,0.000000,0.027632,0.039339,0.004127,0.000000,0.000000,0.000546,0.020341,0.000000,0.000000,0.000000,0.000000,0.000000
242.989214,0.000000,0.000000,0.020257,0.020786,0.005097,0.000000,0.000290,0.000000,0.000000,0.007277,0.005251,0.000000,0.027878,0.000000,0.014279
247.919877,0.000000,0.000000,0.000000,0.000000,0.010941,0.000000,0.010116,0.000000,0.000000,0.013914,0.000000,0.000000,0.000000,0.000000,0.000000
252.850539,0.000000,0.000000,0.000000,0.000000,0.008678,0.000000,0.000000,0.019400,0.048222,0.001951,0.000000,0.016636,0.007208,0.000000,0.000000
257.781202,0.016162,0.017194,0.004414,0.000000,0.027415,0.021844,0.000376,0.000000,0.000000,0.000000,0.000000,0.002637,0.016663,0.032315,0.009110
262.711864,0.000000,0.000000,0.013484,0.003974,0.004504,0.004772,0.014448,0.000000,0.000000,0.003222,0.000000,0.000000,0.019626,0.026867,0.014686
267.642527,0.000000,0.000000,0.006489,0.002507,0.018518,0.007375,0.002950,0.000000,0.000000,0.000000,0.000000,0.014346,0.000000,0.000000,0.000000
272.573190,0.013545,0.000000,0.006062,0.040804,0.000000,0.000000,0.005599,0.012766,0.000000,0.015526,0.006119,0.000000,0.015457,0.000000,0.002272
277.503852,0.000000,0.000000,0.000000,0.001725,0.000000,0.000000,0.000000,0.000000,0.000000,0.014320,0.000000,0.008914,0.018733,0.004822,0.000000
282.434515,0.000000,0.010773,0.000000,0.000000,0.021683,0.000000,0.004769,0.002600,0.000000,0.000000,0.008166,0.000000,0.022011,0.008339,0.000000
287.365177,0.001972,0.000000,0.001216,0.000000,0.022419,0.000000,0.000872,0.000000,0.000000,0.000441,0.016380,0.000000,0.000000,0.000000,0.016717
292.295840,0.001286,0.000000,0.000000,0.001982,0.007970,0.005589,0.021861,0.016852,0.008159,0.005129,0.002298,0.010814,0.000000,0.000000,0.012239
297.226502,0.000000,0.000000,0.000000,0.000000,0.003714,0.001483,0.010902,0.005200,0.000000,0.024191,0.000000,0.000000,0.000000,0.028195,0.002632
302.157165,0.001501,0.038300,0.000000,0.000000,0.002830,0.000000,0.000000,0.007560,0.000000,0.007123,0.000000,0.009190,0.000000,0.015468,0.000000
307.087827,0.020758,0.014665,0.000000,0.000000,0.000000,0.000000,0.000000,0.017839,0.000000,0.001287,0.013729,0.000000,0.020590,0.000000,0.000000
312.018490,0.000000,0.000000,0.000000,0.005482,0.023449,0.023533,0.010773,0.000000,0.000000,0.000000,0.000000,0.005592,0.000000,0.000000,0.005121
316.949153,0.013304,0.011043,0.000000,0.000000,0.010271,0.000000,0.011366,0.000000,0.012767,0.000000,0.000000,0.019957,0.018926,0.000000,0.007232
321.879815,0.002224,0.031242,0.000000,0.000000,0.007996,0.000000,0.000000,0.010063,0.007306,0.000000,0.000000,0.007927,0.008946,0.003334,0.016009
326.810478,0.000000,0.000000,0.003159,0.012226,0.006070,0.000000,0.000000,0.005693,0.000000,0.001743,0.007682,0.000000,0.000000,0.008091,0.030142
331.741140,0.030486,0.000000,0.006568,0.000000,0.016169,0.000000,0.000000,0.000000,0.000335,0.000000,0.004069,0.000000,0.000000,0.000000,0.006064
336.671803,0.011940,0.018623,0.030579,0.000000,0.008050,0.000000,0.013931,0.000000,0.003267,0.001817,0.009808,0.000000,0.000000,0.000000,0.014603
341.602465,0.000000,0.007882,0.000000,0.000000,0.011681,0.008010,0.000000,0.000000,0.030621,0.011870,0.000000,0.000000,0.002010,0.003325,0.000000
346.533128,0.001682,0.010566,0.000000,0.000000,0.000000,0.026022,0.000000,0.010030,0.000000,0.007226,0.000000,0.000000,0.015445,0.008890,0.018265
351.463790,0.009248,0.000000,0.014248,0.010315,0.008211,0.000000,0.003346,0.013320,0.007047,0.004830,0.000000,0.000130,0.000000,0.000120,0.013319
356.394453,0.000000,0.029420,0.000000,0.000000,0.033402,0.000000,0.018406,0.000000,0.010937,0.010550,0.000000,0.007417,0.014198,0.000000,0.020602
361.325116,0.010917,0.026236,0.000000,0.000000,0.000000,0.000662,0.000000,0.027522,0.000000,0.003506,0.000000,0.000000,0.000000,0.008502,0.010505
366.255778,0.000000,0.009120,0.026308,0.011411,0.000000,0.000000,0.000000,0.000000,0.002880,0.000252,0.000000,0.000000,0.000000,0.000000,0.007247
371.186441,0.010774,0.010937,0.000000,0.000000,0.014096,0.000000,0.000000,0.000000,0.002494,0.007766,0.000000,0.006936,0.000000,0.000000,0.022319
376.117103,0.022396,0.000000,0.000000,0.004332,0.015125,0.000000,0.024502,0.025015,0.000000,0.000000,0.020898,0.001062,0.007468,0.001512,0.000000
381.047766,0.000000,0.010336,0.000000,0.000000,0.010187,0.015105,0.016032,0.000000,0.008557,0.019521,0.023368,0.000000,0.000000,0.000000,0.010090
385.978428,0.003988,0.000000,0.005917,0.020500,0.000000,0.000000,0.000000,0.000000,0.015471,0.000000,0.025225,0.014712,0.000000,0.014176,0.016544
390.909091,0.000000,0.007401,0.005529,0.017427,0.008474,0.000000,0.000000,0.020281,0.016998,0.013295,0.012318,0.000000,0.006941,0.006975,0.000000
395.839753,0.003004,0.011201,0.000000,0.004516,0.000000,0.000041,0.000000,0.007513,0.000000,0.000939,0.000000,0.008979,0.029606,0.000000,0.000000
400.770416,0.000000,0.000000,0.000000,0.000000,0.000000,0.001656,0.008736,0.000000,0.002893,0.017372,0.014552,0.023040,0.000000,0.003241,0.007050
405.701079,0.000000,0.000000,0.009231,0.000000,0.009425,0.000000,0.000000,0.010964,0.035306,0.001286,0.000000,0.000000,0.000000,0.018387,0.002526
410.631741,0.000000,0.006757,0.009980,0.015913,0.000000,0.015033,0.013429,0.000000,0.000000,0.000000,0.009409,0.003194,0.000000,0.000000,0.009641
415.562404,0.015022,0.000000,0.000000,0.027079,0.013582,0.000000,0.005467,0.000000,0.003375,0.016870,0.000000,0.004017,0.030122,0.000000,0.010178
420.493066,0.018873,0.000000,0.010928,0.005969,0.048802,0.002656,0.004436,0.000000,0.013397,0.003544,0.000000,0.002724,0.000032,0.024183,0.000000
425.423729,0.000000,0.000000,0.010342,0.020389,0.013403,0.000000,0.009848,0.000000,0.002300,0.002558,0.007261,0.000000,0.009825,0.000000,0.005717
430.354391,0.000000,0.000000,0.000000,0.000000,0.012781,0.000000,0.007526,0.000000,0.009888,0.002002,0.026656,0.000000,0.018948,0.000000,0.017296
435.285054,0.012029,0.000000,0.000000,0.000000,0.000000,0.000000,0.000000,0.000000,0.002639,0.015810,0.000013,0.000000,0.016811,0.000000,0.000000
440.215716,0.000000,0.020566,0.008699,0.002358,0.000000,0.000000,0.000000,0.000000,0.011354,0.013062,0.033809,0.001319,0.000000,0.000000,0.000000
445.146379,0.000000,0.006422,0.000000,0.008997,0.000000,0.002938,0.035146,0.000230,0.019288,0.004255,0.041262,0.007288,0.015005,0.000000,0.000000
450.077042,0.001928,0.019669,0.000000,0.000000,0.000000,0.000000,0.000000,0.000000,0.000000,0.000000,0.000000,0.000000,0.013328,0.000000,0.012794
455.007704,0.022762,0.033160,0.000000,0.017598,0.000000,0.000000,0.000000,0.010533,0.003014,0.000000,0.000011,0.000000,0.008015,0.000000,0.029411
459.938367,0.014897,0.004381,0.015619,0.023902,0.000000,0.003621,0.016036,0.000000,0.000000,0.002403,0.000000,0.000000,0.015826,0.002225,0.000000
464.869029,0.000474,0.000000,0.028844,0.000000,0.001838,0.007926,0.000000,0.000000,0.000000,0.027748,0.000000,0.000000,0.000000,0.005744,0.012028
469.799692,0.000925,0.000000,0.000000,0.000000,0.000000,0.000000,0.000000,0.000000,0.000000,0.006596,0.000000,0.000253,0.000000,0.006436,0.014100
474.730354,0.004127,0.000000,0.046773,0.012255,0.000000,0.025396,0.000000,0.000000,0.000000,0.000000,0.000000,0.000000,0.000000,0.017028,0.000000
479.661017,0.032688,0.001261,0.000000,0.000000,0.000000,0.000536,0.008093,0.022434,0.011222,0.018780,0.014761,0.000365,0.012081,0.010444,0.000000
484.591680,0.006195,0.012503,0.026605,0.000000,0.018317,0.000000,0.015352,0.012098,0.025591,0.000000,0.014392,0.000000,0.000000,0.011040,0.000000
489.522342,0.012203,0.000000,0.034910,0.026882,0.016104,0.016055,0.021052,0.000000,0.025623,0.000429,0.004330,0.000000,0.006619,0.000000,0.000000
494.453005,0.028603,0.026228,0.037790,0.022760,0.036398,0.001101,0.000861,0.013506,0.019194,0.003209,0.000526,0.008442,0.000000,0.000000,0.003380
499.383667,0.032756,0.008850,0.036910,0.022933,0.046511,0.000000,0.015730,0.000000,0.000000,0.000000,0.002252,0.020297,0.000000,0.046906,0.010508
504.314330,0.053284,0.056303,0.040229,0.080157,0.044339,0.032974,0.000000,0.014580,0.022854,0.015223,0.002386,0.000000,0.000000,0.033491,0.002691
509.244992,0.089153,0.097753,0.121877,0.091806,0.100923,0.000000,0.002577,0.000000,0.000000,0.007250,0.009021,0.000000,0.000000,0.012420,0.013502
514.175655,0.254433,0.241875,0.276515,0.198572,0.188238,0.000000,0.000000,0.010904,0.000000,0.000000,0.000599,0.003781,0.002747,0.011123,0.004002
519.106317,0.810015,0.784315,0.856449,0.670134,0.698267,0.012765,0.002666,0.008708,0.027752,0.000000,0.007986,0.013400,0.000000,0.014784,0.000000
524.036980,0.765656,0.575342,0.597647,0.731757,0.833484,0.000000,0.011319,0.000000,0.000000,0.004079,0.000000,0.008912,0.000000,0.000000,0.022260
528.967643,0.244318,0.176764,0.191451,0.221564,0.251490,0.000000,0.016105,0.004277,0.012680,0.021878,0.012309,0.018182,0.000000,0.029057,0.018370
533.898305,0.099571,0.056294,0.108538,0.102343,0.086661,0.005858,0.000000,0.000000,0.004281,0.000000,0.026471,0.000000,0.017361,0.000000,0.000000
538.828968,0.063892,0.044249,0.031521,0.042878,0.060452,0.036085,0.019073,0.000000,0.000000,0.000000,0.003288,0.005471,0.000000,0.000000,0.026993
543.759630,0.028305,0.055688,0.050589,0.024659,0.005390,0.000000,0.000000,0.015643,0.000000,0.007189,0.000000,0.005437,0.000000,0.032298,0.007956
548.690293,0.038444,0.048841,0.043492,0.046210,0.010772,0.000000,0.000000,0.060981,0.006402,0.000000,0.020622,0.000000,0.000000,0.000000,0.003044
553.620955,0.016278,0.033708,0.037631,0.028107,0.027329,0.009943,0.000000,0.009930,0.000000,0.000000,0.000000,0.017075,0.015801,0.005656,0.029162
558.551618,0.021104,0.021108,0.010567,0.023489,0.013224,0.001279,0.000000,0.000680,0.015745,0.000000,0.000000,0.008568,0.000000,0.000000,0.000000
563.482280,0.000000,0.000000,0.000000,0.016853,0.002047,0.000000,0.000134,0.000000,0.018431,0.000000,0.000000,0.013795,0.008393,0.000000,0.000000
568.412943,0.012950,0.028276,0.004236,0.014409,0.021792,0.006187,0.004411,0.015292,0.000000,0.000000,0.009610,0.000000,0.018511,0.000000,0.011562
573.343606,0.000000,0.004611,0.000000,0.027700,0.000000,0.001679,0.000000,0.000000,0.000000,0.000000,0.006334,0.014569,0.025528,0.000000,0.000000
578.274268,0.000000,0.003527,0.000000,0.004586,0.009404,0.006751,0.008110,0.000000,0.000000,0.005898,0.019052,0.000000,0.018677,0.002930,0.000000
583.204931,0.000000,0.000000,0.005418,0.031962,0.000000,0.017039,0.000000,0.004752,0.000000,0.000000,0.009869,0.005213,0.010156,0.000000,0.023267
588.135593,0.000000,0.004705,0.000000,0.000000,0.000000,0.015266,0.000130,0.000000,0.000000,0.000000,0.002518,0.000000,0.000000,0.000000,0.008361
593.066256,0.005811,0.000000,0.000553,0.000000,0.010175,0.006185,0.000000,0.022538,0.001402,0.000000,0.000000,0.000000,0.020242,0.000000,0.000000
597.996918,0.036605,0.001274,0.001014,0.000000,0.000000,0.004729,0.000711,0.015811,0.000000,0.010400,0.000000,0.010270,0.018720,0.000000,0.000000
602.927581,0.000000,0.000000,0.031303,0.000000,0.031018,0.000000,0.000000,0.000000,0.000000,0.015309,0.003362,0.000000,0.013485,0.000000,0.013647
607.858243,0.000000,0.000000,0.021550,0.009883,0.000000,0.000000,0.000000,0.000000,0.000000,0.014498,0.010759,0.002006,0.012973,0.010101,0.027412
612.788906,0.005144,0.035992,0.001196,0.023653,0.031825,0.003378,0.000000,0.000000,0.007860,0.011396,0.000000,0.000000,0.002107,0.000000,0.000000
617.719569,0.009253,0.000563,0.019818,0.000000,0.000000,0.000000,0.002940,0.000000,0.000000,0.000000,0.000000,0.022209,0.000000,0.010677,0.004993
622.650231,0.000000,0.000000,0.000000,0.001614,0.010699,0.001539,0.000000,0.006035,0.000000,0.000000,0.007717,0.008236,0.017190,0.000000,0.000000
627.580894,0.000000,0.009309,0.000000,0.000000,0.000000,0.000000,0.000000,0.008759,0.023894,0.000000,0.000000,0.000000,0.020087,0.000000,0.000000
632.511556,0.011933,0.011831,0.014923,0.000000,0.000000,0.023092,0.000000,0.004665,0.019839,0.004040,0.000000,0.005601,0.000000,0.017905,0.000000
637.442219,0.009079,0.000000,0.000000,0.000000,0.003619,0.032359,0.007195,0.003378,0.000000,0.000000,0.000000,0.004320,0.014740,0.002082,0.000000
642.372881,0.000000,0.000000,0.000000,0.001984,0.011289,0.000000,0.005484,0.000000,0.000000,0.022293,0.004529,0.020300,0.004757,0.000000,0.000000
647.303544,0.000000,0.014717,0.000000,0.000000,0.000000,0.006086,0.013473,0.004803,0.005743,0.005515,0.000000,0.002672,0.014367,0.007888,0.025106
652.234206,0.001537,0.004921,0.002681,0.002576,0.018724,0.000000,0.019599,0.000000,0.000000,0.000000,0.000000,0.000000,0.005225,0.000000,0.008975
657.164869,0.000000,0.002641,0.025341,0.001167,0.000000,0.019026,0.007531,0.000000,0.000000,0.003424,0.001166,0.000000,0.017769,0.004472,0.012905
662.095532,0.004769,0.024066,0.000000,0.000000,0.002800,0.006609,0.000000,0.021566,0.000000,0.000000,0.000000,0.018401,0.016499,0.000000,0.010264
667.026194,0.000000,0.000000,0.004131,0.000000,0.006472,0.001245,0.000000,0.019296,0.008491,0.000000,0.010552,0.007925,0.014454,0.000000,0.006700
671.956857,0.015342,0.001902,0.000000,0.000000,0.009646,0.000000,0.000000,0.000000,0.000000,0.008572,0.000000,0.000000,0.000000,0.001724,0.015760
676.887519,0.003605,0.000000,0.000000,0.028719,0.000000,0.001980,0.000000,0.000000,0.000000,0.000000,0.004795,0.008546,0.013542,0.000000,0.000000
681.818182,0.002010,0.022937,0.000000,0.000000,0.024917,0.000000,0.004103,0.020129,0.000000,0.000000,0.010404,0.001312,0.001995,0.030289,0.000000
686.748844,0.000000,0.000000,0.022398,0.023940,0.009028,0.010224,0.003403,0.026299,0.015302,0.000000,0.000000,0.008560,0.000000,0.000000,0.014075
691.679507,0.000000,0.000000,0.035981,0.009544,0.000000,0.000000,0.000157,0.000000,0.000000,0.000000,0.013190,0.000000,0.011859,0.029388,0.000000
696.610169,0.000000,0.000000,0.007760,0.000000,0.000000,0.008117,0.000000,0.000000,0.000000,0.000000,0.019382,0.000000,0.000000,0.021118,0.000000
701.540832,0.000000,0.010415,0.000000,0.000000,0.000000,0.002039,0.009554,0.002923,0.007494,0.019923,0.006826,0.009432,0.014703,0.000000,0.019320
706.471495,0.005946,0.009532,0.011035,0.016096,0.000000,0.016520,0.003223,0.017743,0.010716,0.000000,0.020693,0.000000,0.026653,0.000000,0.024129
711.402157,0.000000,0.021343,0.000000,0.026379,0.008629,0.000000,0.004567,0.000000,0.000000,0.027374,0.000000,0.004842,0.000000,0.020246,0.000000
716.332820,0.013153,0.000000,0.012437,0.000000,0.000000,0.015446,0.004728,0.009074,0.000000,0.014437,0.014580,0.028436,0.015133,0.000000,0.000000
721.263482,0.000000,0.011633,0.004761,0.000000,0.000000,0.000000,0.000000,0.000000,0.006670,0.000000,0.004991,0.000000,0.008163,0.003055,0.010298
726.194145,0.011763,0.000000,0.004573,0.016148,0.000000,0.009244,0.000000,0.035176,0.018249,0.002983,0.000000,0.003270,0.011158,0.000000,0.005741
731.124807,0.000000,0.000000,0.009469,0.005393,0.023835,0.000000,0.007473,0.005886,0.002395,0.018767,0.000000,0.000000,0.000000,0.000000,0.000000
736.055470,0.012059,0.008419,0.000000,0.030340,0.000000,0.003019,0.006359,0.000000,0.008107,0.000000,0.000000,0.000000,0.010589,0.000000,0.010553
740.986133,0.002322,0.000000,0.000000,0.000000,0.000000,0.001184,0.000000,0.000000,0.000000,0.000000,0.000000,0.000000,0.003524,0.000000,0.009952
745.916795,0.000000,0.000000,0.000000,0.008445,0.020585,0.014154,0.000000,0.015316,0.000000,0.002735,0.002363,0.000000,0.012575,0.000000,0.003055
750.847458,0.019065,0.000000,0.000000,0.000000,0.007240,0.000000,0.034290,0.009649,0.000000,0.030915,0.016859,0.000000,0.001708,0.000000,0.044908
755.778120,0.021940,0.000000,0.000000,0.031724,0.000963,0.004960,0.000000,0.000000,0.003963,0.000000,0.000000,0.019845,0.017929,0.027322,0.021811
760.708783,0.000000,0.000000,0.000000,0.000000,0.000000,0.000000,0.000000,0.002695,0.000000,0.009398,0.002979,0.000000,0.005717,0.024850,0.013866
765.639445,0.000000,0.005825,0.000000,0.000000,0.000000,0.018220,0.004102,0.000000,0.000000,0.001234,0.000000,0.016336,0.011776,0.000000,0.016947
770.570108,0.000000,0.004922,0.001774,0.000000,0.000000,0.000000,0.000000,0.000000,0.014070,0.000000,0.002748,0.001669,0.022064,0.002856,0.045341
775.500770,0.000000,0.024036,0.007044,0.000000,0.000000,0.000000,0.001882,0.000000,0.007447,0.000000,0.018314,0.002080,0.004428,0.008486,0.018080
780.431433,0.016736,0.000000,0.000000,0.028967,0.000000,0.000000,0.027092,0.000000,0.013181,0.000000,0.013229,0.009746,0.016531,0.021115,0.000000
785.362096,0.000000,0.000000,0.000000,0.000000,0.005579,0.024715,0.014136,0.000000,0.000000,0.016686,0.008268,0.010464,0.005155,0.005632,0.006758
790.292758,0.000000,0.000000,0.000000,0.000027,0.008503,0.000000,0.009614,0.000000,0.008510,0.010079,0.000000,0.000000,0.009563,0.000000,0.003156
795.223421,0.000000,0.000000,0.011409,0.009111,0.003562,0.001840,0.009019,0.007395,0.000000,0.000000,0.000000,0.017685,0.000000,0.000000,0.000000
800.154083,0.000000,0.000000,0.025799,0.023996,0.003517,0.000000,0.001815,0.011448,0.000000,0.024524,0.000000,0.000000,0.013377,0.017833,0.005937
805.084746,0.000000,0.006717,0.012970,0.000000,0.000000,0.000000,0.014514,0.000000,0.000000,0.000000,0.000000,0.003000,0.020101,0.039764,0.005835
810.015408,0.019063,0.000000,0.000000,0.015780,0.000000,0.000000,0.000000,0.000000,0.018315,0.011100,0.000000,0.037504,0.000703,0.000000,0.001361
814.946071,0.000000,0.000000,0.022159,0.007953,0.000000,0.010082,0.000000,0.011569,0.012565,0.003923,0.015337,0.001241,0.013728,0.000000,0.000000
819.876733,0.014683,0.010623,0.000000,0.000000,0.000000,0.000000,0.001677,0.000000,0.000000,0.019152,0.000000,0.024523,0.008333,0.013115,0.014372
824.807396,0.000387,0.000000,0.022663,0.001334,0.000000,0.014263,0.013734,0.000000,0.000000,0.006523,0.028059,0.000000,0.000000,0.000000,0.000000
829.738059,0.000000,0.005511,0.000000,0.000595,0.000000,0.000000,0.005108,0.010421,0.000362,0.017031,0.000000,0.009138,0.007266,0.003149,0.014361
834.668721,0.000000,0.001739,0.000000,0.000000,0.000000,0.000255,0.010273,0.009350,0.000000,0.000832,0.007819,0.000914,0.021615,0.019551,0.002453
839.599384,0.000000,0.009623,0.039919,0.018360,0.000000,0.000000,0.000000,0.014148,0.025055,0.015797,0.000000,0.006311,0.000000,0.002136,0.006367
844.530046,0.000285,0.000714,0.023822,0.000000,0.000000,0.005312,0.018057,0.000000,0.000000,0.006380,0.004071,0.000000,0.000000,0.000000,0.000000
849.460709,0.000000,0.018683,0.000000,0.017713,0.001889,0.028646,0.035274,0.000000,0.000000,0.033455,0.000000,0.000000,0.005187,0.000000,0.027029
854.391371,0.000000,0.006510,0.002678,0.014458,0.000000,0.005599,0.020192,0.000000,0.000000,0.000000,0.002135,0.005188,0.000000,0.000494,0.000000
859.322034,0.000000,0.006013,0.000000,0.000000,0.007618,0.003085,0.000000,0.008023,0.000337,0.019147,0.000000,0.000000,0.030303,0.000000,0.000000
864.252696,0.000000,0.006276,0.001668,0.000000,0.000000,0.000000,0.000000,0.000000,0.002169,0.008209,0.000000,0.000000,0.001650,0.005585,0.011926
869.183359,0.024954,0.000000,0.000000,0.000000,0.000000,0.000000,0.004341,0.000000,0.011485,0.003896,0.009215,0.009762,0.002218,0.000000,0.000000
874.114022,0.000000,0.000000,0.000000,0.007218,0.000743,0.022141,0.000000,0.000000,0.031287,0.000000,0.024056,0.000000,0.000000,0.000000,0.000000
879.044684,0.000000,0.000000,0.007144,0.011268,0.028364,0.000000,0.011072,0.000000,0.000000,0.007973,0.000000,0.000000,0.006050,0.000000,0.000000
883.975347,0.005191,0.003228,0.003461,0.004423,0.000000,0.000000,0.000000,0.012202,0.000000,0.000000,0.014838,0.000000,0.000000,0.000000,0.000000
888.906009,0.021237,0.000000,0.018106,0.014998,0.017613,0.000000,0.014605,0.006351,0.000000,0.000000,0.002986,0.002642,0.000000,0.000000,0.005769
893.836672,0.000000,0.024620,0.001311,0.000000,0.020785,0.000000,0.020632,0.000000,0.003855,0.011964,0.001314,0.000000,0.001542,0.010328,0.012653
898.767334,0.000000,0.001671,0.035350,0.003629,0.022587,0.029544,0.000000,0.000000,0.013010,0.000000,0.034372,0.002751,0.000000,0.021543,0.000000
903.697997,0.000000,0.000000,0.000000,0.000000,0.000000,0.000000,0.004601,0.000000,0.000000,0.022854,0.000000,0.000000,0.021998,0.000000,0.005986
908.628659,0.000000,0.000000,0.003996,0.011559,0.030340,0.005631,0.000000,0.007778,0.017928,0.000000,0.000000,0.027739,0.000000,0.000000,0.009241
913.559322,0.011136,0.000000,0.000000,0.002399,0.001852,0.010906,0.000000,0.000000,0.000678,0.005063,0.000000,0.000000,0.001533,0.030818,0.000000
918.489985,0.000000,0.000000,0.000000,0.000000,0.000000,0.000000,0.000000,0.000000,0.022952,0.002455,0.000000,0.000000,0.000000,0.007045,0.000000
923.420647,0.001178,0.000000,0.020026,0.017520,0.000000,0.000000,0.000000,0.000000,0.005232,0.007640,0.000000,0.002451,0.000000,0.010799,0.031721
928.351310,0.000000,0.001473,0.000000,0.010467,0.009122,0.006721,0.015741,0.000000,0.000000,0.000000,0.058631,0.000823,0.027247,0.010799,0.000000
933.281972,0.006924,0.000000,0.008054,0.000000,0.000863,0.024680,0.000000,0.005886,0.000000,0.000000,0.007197,0.003121,0.000000,0.023492,0.021128
938.212635,0.000000,0.008361,0.000000,0.000688,0.000000,0.000000,0.016010,0.013080,0.000000,0.000000,0.028767,0.000000,0.024251,0.016881,0.004120
943.143297,0.000000,0.000000,0.000000,0.000000,0.019346,0.000000,0.030525,0.000000,0.000000,0.017109,0.021426,0.017492,0.000000,0.011967,0.024754
948.073960,0.000000,0.000000,0.000000,0.016086,0.000000,0.014843,0.009222,0.000000,0.004270,0.018378,0.000000,0.000510,0.004247,0.013347,0.000000
953.004622,0.000000,0.014763,0.000000,0.037420,0.000000,0.023119,0.008456,0.011592,0.013317,0.020496,0.009343,0.000391,0.036294,0.000000,0.010830
957.935285,0.020124,0.038654,0.000000,0.000000,0.011982,0.000000,0.000073,0.000000,0.029594,0.006876,0.027070,0.000000,0.000000,0.000000,0.008147
962.865948,0.000000,0.000000,0.011386,0.001199,0.010638,0.000000,0.000000,0.000000,0.000000,0.000000,0.004893,0.008044,0.000000,0.000431,0.000005
967.796610,0.004462,0.000000,0.009865,0.000000,0.016492,0.022062,0.008312,0.007412,0.000000,0.000000,0.005472,0.000216,0.022430,0.003472,0.007957
972.727273,0.000000,0.000000,0.000000,0.005339,0.000000,0.000000,0.006058,0.002555,0.000000,0.011068,0.009891,0.020988,0.005722,0.002409,0.000000
977.657935,0.000000,0.011837,0.000000,0.009743,0.016299,0.017159,0.011279,0.016360,0.015122,0.014042,0.000000,0.000000,0.000000,0.006807,0.002335
982.588598,0.000000,0.000000,0.004310,0.019382,0.007307,0.000000,0.038847,0.011583,0.006159,0.000000,0.000000,0.000000,0.002818,0.002640,0.000000
987.519260,0.009531,0.000000,0.000000,0.000000,0.026514,0.000000,0.011240,0.000000,0.000000,0.013558,0.007586,0.003286,0.000000,0.000000,0.014826
992.449923,0.000000,0.000000,0.015496,0.023645,0.000000,0.000000,0.006719,0.000000,0.010668,0.020798,0.010751,0.000000,0.005213,0.000000,0.002374
997.380586,0.000000,0.000000,0.039900,0.000000,0.003346,0.022439,0.023772,0.000000,0.008770,0.002891,0.000000,0.007607,0.025458,0.014934,0.000000
1002.311248,0.000408,0.000000,0.012713,0.004224,0.000000,0.021864,0.000000,0.000000,0.000000,0.017337,0.000000,0.000000,0.000000,0.011284,0.000000
1007.241911,0.017721,0.000000,0.000000,0.017445,0.000000,0.000000,0.000000,0.000000,0.011512,0.006113,0.001004,0.000000,0.005662,0.000000,0.002483
1012.172573,0.010279,0.000000,0.000000,0.010763,0.000000,0.000000,0.000000,0.014322,0.002425,0.000000,0.000646,0.000000,0.021385,0.010074,0.000000
1017.103236,0.005809,0.000000,0.000000,0.000000,0.016973,0.027037,0.000000,0.000000,0.000000,0.000000,0.013272,0.001327,0.032996,0.008606,0.023642
1022.033898,0.000000,0.000000,0.000000,0.000000,0.000000,0.000000,0.010809,0.014692,0.000000,0.000000,0.004619,0.000000,0.000000,0.003863,0.010114
1026.964561,0.000000,0.002282,0.000000,0.000000,0.000000,0.000000,0.000000,0.004022,0.026647,0.009489,0.005579,0.000000,0.008346,0.000000,0.016642
1031.895223,0.014309,0.000000,0.000000,0.000000,0.013087,0.000486,0.026525,0.000000,0.023475,0.000000,0.000000,0.001208,0.000000,0.000000,0.000000
1036.825886,0.014562,0.000000,0.000000,0.017263,0.014895,0.000000,0.023247,0.007859,0.027839,0.000000,0.000000,0.000000,0.000000,0.000000,0.000000
1041.756549,0.000000,0.000000,0.011215,0.000000,0.014862,0.000000,0.012007,0.006941,0.000000,0.000000,0.008138,0.004488,0.000000,0.027269,0.019362
1046.687211,0.008191,0.012031,0.000000,0.007057,0.000000,0.000000,0.000000,0.017989,0.000000,0.001028,0.000000,0.000000,0.000000,0.000000,0.000000
1051.617874,0.011783,0.008392,0.000000,0.009205,0.000000,0.000000,0.009743,0.000000,0.014081,0.002670,0.007543,0.000000,0.000000,0.000000,0.010153
1056.548536,0.012528,0.000000,0.000000,0.008429,0.015517,0.000000,0.012672,0.000000,0.000000,0.016261,0.000000,0.001665,0.000000,0.000000,0.006177
1061.479199,0.013880,0.000000,0.024723,0.007048,0.000000,0.005525,0.000000,0.000000,0.000000,0.013616,0.000000,0.022931,0.000000,0.000000,0.000000
1066.409861,0.000000,0.009519,0.007658,0.022827,0.000000,0.000000,0.005776,0.028197,0.000000,0.004147,0.013466,0.007217,0.006662,0.008736,0.006431
1071.340524,0.022782,0.000000,0.026886,0.007369,0.012478,0.000000,0.011157,0.014114,0.028373,0.005318,0.000000,0.011646,0.022694,0.000000,0.000000
1076.271186,0.000000,0.000000,0.012005,0.012905,0.023488,0.000000,0.003834,0.000000,0.016539,0.003353,0.000000,0.009686,0.000000,0.000000,0.008669
1081.201849,0.012981,0.000000,0.022395,0.008503,0.000000,0.020187,0.024177,0.000000,0.007500,0.003434,0.000000,0.000000,0.002642,0.013883,0.000000
1086.132512,0.007463,0.021772,0.000000,0.026946,0.000000,0.006226,0.018848,0.000000,0.003936,0.024969,0.005158,0.000000,0.014952,0.004626,0.000000
1091.063174,0.013158,0.003349,0.010806,0.000000,0.000000,0.000000,0.000000,0.000181,0.000000,0.000000,0.045312,0.015259,0.016266,0.000000,0.026395
1095.993837,0.028237,0.017434,0.040631,0.019279,0.000000,0.008721,0.002557,0.003225,0.000000,0.000000,0.000000,0.018978,0.003858,0.018898,0.000000
1100.924499,0.022318,0.000000,0.000000,0.000000,0.000000,0.006799,0.000000,0.034551,0.009968,0.006542,0.004426,0.012040,0.004923,0.019082,0.000000
1105.855162,0.000000,0.014116,0.017691,0.000000,0.009286,0.017056,0.009445,0.000000,0.000000,0.018830,0.001275,0.010145,0.033400,0.000000,0.020680
1110.785824,0.000000,0.000000,0.025515,0.000000,0.000000,0.008370,0.000000,0.015579,0.019210,0.000000,0.019200,0.009898,0.001144,0.002368,0.000000
1115.716487,0.012302,0.000000,0.006362,0.000000,0.000000,0.027716,0.014671,0.006706,0.000000,0.007153,0.000000,0.003948,0.000000,0.021660,0.000000
1120.647149,0.000000,0.037337,0.011522,0.000000,0.002346,0.021015,0.006682,0.000000,0.000000,0.014917,0.000000,0.008543,0.000000,0.000000,0.006109
1125.577812,0.000000,0.011548,0.019238,0.000000,0.000000,0.000272,0.015464,0.000000,0.020388,0.000000,0.025313,0.004953,0.013034,0.000764,0.020846
1130.508475,0.012642,0.000000,0.000000,0.007455,0.000000,0.000000,0.000000,0.000000,0.000000,0.000000,0.000000,0.009748,0.003026,0.019964,0.012615
1135.439137,0.000000,0.000000,0.006303,0.000000,0.000000,0.014217,0.000000,0.001062,0.009335,0.000000,0.005103,0.000000,0.035196,0.001896,0.033028
1140.369800,0.000000,0.004933,0.000000,0.021515,0.040248,0.008779,0.027534,0.015510,0.000000,0.000000,0.000000,0.000000,0.002483,0.000000,0.006128
1145.300462,0.003934,0.018196,0.000000,0.004119,0.012294,0.000000,0.000000,0.000000,0.000000,0.011986,0.000000,0.014053,0.019606,0.000000,0.017091
1150.231125,0.000709,0.000000,0.000000,0.000000,0.000000,0.000000,0.021814,0.020233,0.009391,0.000000,0.000000,0.001189,0.021680,0.000000,0.000000
1155.161787,0.000000,0.000000,0.000000,0.000000,0.000000,0.000000,0.007682,0.000000,0.000000,0.029052,0.019793,0.000000,0.032491,0.015303,0.011335
1160.092450,0.000620,0.000000,0.002286,0.000000,0.000000,0.006504,0.011410,0.023214,0.017555,0.004536,0.019880,0.008577,0.000000,0.000000,0.031856
1165.023112,0.000000,0.000267,0.006984,0.000000,0.000000,0.012919,0.028826,0.006880,0.000000,0.000000,0.000000,0.000000,0.031978,0.022681,0.017111
1169.953775,0.000000,0.001679,0.000000,0.000000,0.000000,0.013492,0.006568,0.019320,0.000000,0.000000,0.015477,0.035223,0.009576,0.000000,0.012499
1174.884438,0.000000,0.019786,0.030439,0.000127,0.000000,0.000000,0.022562,0.009369,0.006195,0.000000,0.002826,0.018382,0.008270,0.009121,0.000000
1179.815100,0.000000,0.004785,0.017790,0.000000,0.013297,0.017194,0.000000,0.017282,0.008064,0.008602,0.010451,0.018156,0.005701,0.000000,0.005487
1184.745763,0.000000,0.012228,0.011190,0.000000,0.000000,0.000000,0.014841,0.001909,0.003399,0.025236,0.011525,0.000000,0.004951,0.004613,0.000000
1189.676425,0.007624,0.000000,0.000000,0.000000,0.000000,0.007694,0.000000,0.000000,0.000000,0.000000,0.018936,0.000000,0.006232,0.025180,0.023607
1194.607088,0.000000,0.013052,0.000000,0.000000,0.000000,0.008255,0.000028,0.011426,0.015392,0.016995,0.001048,0.006995,0.000000,0.027237,0.001878
1199.537750,0.006135,0.031476,0.008452,0.002432,0.000000,0.000000,0.002325,0.012152,0.000000,0.000000,0.008813,0.010995,0.019990,0.030578,0.018789
1204.468413,0.000000,0.011626,0.006356,0.028003,0.000000,0.000000,0.007565,0.033192,0.000000,0.008057,0.014644,0.000278,0.014112,0.010354,0.000000
1209.399076,0.000000,0.003835,0.000000,0.009408,0.000000,0.000000,0.027419,0.000000,0.000000,0.038181,0.013420,0.014471,0.000002,0.014026,0.042850
1214.329738,0.000000,0.002341,0.011422,0.000000,0.017048,0.000000,0.000000,0.000000,0.000000,0.000000,0.000940,0.022956,0.013859,0.016705,0.000000
1219.260401,0.000000,0.026838,0.044856,0.000000,0.000000,0.000000,0.003691,0.018210,0.015850,0.022556,0.039300,0.022629,0.049446,0.023342,0.018958
1224.191063,0.002966,0.000000,0.000000,0.000000,0.015921,0.009819,0.000000,0.000000,0.000000,0.021948,0.007682,0.000012,0.022330,0.009113,0.056828
1229.121726,0.000000,0.000000,0.015327,0.000000,0.003890,0.004500,0.021128,0.000000,0.012133,0.000000,0.026850,0.000000,0.012207,0.032690,0.022441
1234.052388,0.005375,0.006933,0.005709,0.010920,0.000000,0.017660,0.000000,0.035007,0.014455,0.000000,0.019731,0.017501,0.044262,0.022309,0.007768
1238.983051,0.005130,0.011189,0.000000,0.000000,0.000000,0.009728,0.011306,0.024874,0.000000,0.000000,0.036162,0.009394,0.008942,0.035961,0.031269
1243.913713,0.030410,0.000000,0.021136,0.000969,0.000000,0.000000,0.000000,0.000000,0.000000,0.020450,0.000000,0.026968,0.019981,0.027535,0.038586
1248.844376,0.000000,0.004638,0.000000,0.000000,0.011152,0.010674,0.015597,0.026064,0.000000,0.000063,0.051563,0.046033,0.015966,0.032311,0.038783
1253.775039,0.013351,0.000000,0.002536,0.001397,0.020998,0.000338,0.021524,0.023099,0.000000,0.004673,0.019655,0.048115,0.022704,0.013225,0.000000
1258.705701,0.000000,0.001835,0.022559,0.021054,0.003127,0.016192,0.001217,0.017801,0.011788,0.018627,0.006578,0.031012,0.039303,0.020259,0.033983
1263.636364,0.000000,0.000000,0.000000,0.000000,0.011468,0.012841,0.008988,0.012846,0.000000,0.010799,0.029276,0.045627,0.039871,0.009821,0.002370
1268.567026,0.000000,0.000000,0.000000,0.000000,0.000000,0.000000,0.000000,0.011946,0.020344,0.013674,0.063797,0.056547,0.023886,0.027886,0.065307
1273.497689,0.000000,0.000000,0.001798,0.000000,0.000000,0.011103,0.015846,0.000000,0.022347,0.007053,0.040971,0.037309,0.036493,0.033355,0.042409
1278.428351,0.011178,0.013184,0.000000,0.013146,0.000000,0.014026,0.026273,0.004210,0.010760,0.030768,0.018937,0.044997,0.044109,0.052876,0.039361
1283.359014,0.000000,0.000000,0.023865,0.000000,0.014649,0.011378,0.007947,0.025676,0.000000,0.004907,0.034969,0.058610,0.042203,0.026645,0.061854
1288.289676,0.001245,0.000000,0.000000,0.000000,0.005170,0.033202,0.036939,0.020426,0.019832,0.045300,0.067251,0.052150,0.054057,0.100272,0.066014
1293.220339,0.000000,0.009997,0.013481,0.000000,0.000000,0.050768,0.000000,0.051236,0.016833,0.020115,0.033051,0.053126,0.051801,0.057520,0.049644
1298.151002,0.017347,0.000000,0.000000,0.000000,0.000000,0.027268,0.005614,0.025948,0.040825,0.020479,0.059373,0.058853,0.061114,0.087524,0.101423
1303.081664,0.000000,0.002764,0.010340,0.007089,0.008374,0.039358,0.024625,0.006537,0.042313,0.053209,0.067639,0.081243,0.084294,0.095774,0.086466
1308.012327,0.000000,0.000000,0.000000,0.038562,0.004873,0.030328,0.057992,0.056946,0.072735,0.068273,0.116722,0.086550,0.083218,0.056788,0.079831
1312.942989,0.000000,0.017044,0.000000,0.000000,0.000000,0.097021,0.101165,0.101469,0.087365,0.063737,0.095612,0.124908,0.122889,0.108761,0.146377
1317.873652,0.000000,0.034716,0.000000,0.014298,0.025766,0.163241,0.172044,0.176299,0.178745,0.160473,0.139099,0.131288,0.137167,0.157596,0.173325
1322.804314,0.000000,0.030357,0.000000,0.003791,0.003881,0.304772,0.343357,0.348583,0.267305,0.284677,0.133987,0.185513,0.155622,0.127628,0.200514
1327.734977,0.000000,0.000000,0.000000,0.000000,0.000182,0.754411,0.776758,0.752456,0.653139,0.664148,0.162521,0.217038,0.195875,0.210300,0.228565
1332.665639,0.020030,0.011126,0.023747,0.000000,0.022184,1.016605,1.015428,0.893242,1.099394,1.037815,0.225760,0.223752,0.239723,0.225257,0.252534
1337.596302,0.000733,0.001838,0.000000,0.000000,0.015385,0.503632,0.501629,0.406832,0.613739,0.550801,0.260218,0.303187,0.289034,0.273795,0.328280
1342.526965,0.000000,0.001554,0.000000,0.000000,0.000000,0.233331,0.223213,0.208142,0.299808,0.263808,0.263409,0.325485,0.332592,0.319297,0.385662
1347.457627,0.000000,0.023238,0.022237,0.028982,0.008064,0.115044,0.162948,0.104937,0.133479,0.132397,0.325337,0.380726,0.350942,0.305623,0.396659
1352.388290,0.016984,0.000000,0.001811,0.000000,0.000000,0.091150,0.045537,0.050134,0.092686,0.113285,0.330998,0.373779,0.339167,0.329889,0.407619
1357.318952,0.002389,0.015851,0.023794,0.005738,0.000000,0.030821,0.051707,0.067395,0.046687,0.055063,0.294667,0.344570,0.346407,0.289109,0.344939
1362.249615,0.000744,0.000000,0.005012,0.004995,0.000000,0.033657,0.060787,0.000000,0.036135,0.022863,0.273263,0.315446,0.297960,0.247945,0.327658
1367.180277,0.000000,0.021149,0.000000,0.000000,0.018328,0.058025,0.036438,0.012153,0.034404,0.013907,0.234308,0.252098,0.242284,0.228542,0.278325
1372.110940,0.000600,0.002829,0.000000,0.002264,0.000000,0.023113,0.010233,0.025878,0.022957,0.010234,0.185201,0.221406,0.214167,0.233679,0.197944
1377.041602,0.012105,0.000000,0.018984,0.013185,0.010241,0.024861,0.018147,0.010107,0.013768,0.021088,0.151229,0.185032,0.171069,0.155439,0.158430
1381.972265,0.008312,0.004177,0.014534,0.002312,0.000000,0.012372,0.027755,0.023871,0.048146,0.015769,0.123485,0.147161,0.135109,0.133886,0.141574
1386.902928,0.003259,0.011060,0.000035,0.006281,0.000000,0.000000,0.030432,0.008952,0.013266,0.027839,0.108421,0.130769,0.118415,0.105291,0.129438
1391.833590,0.000000,0.000556,0.000773,0.010414,0.000000,0.009751,0.000000,0.001992,0.000000,0.013881,0.076127,0.091975,0.138938,0.079825,0.116022
1396.764253,0.007689,0.007340,0.000000,0.000000,0.004018,0.014861,0.020308,0.039938,0.023361,0.011792,0.082303,0.099337,0.101074,0.082421,0.091020
1401.694915,0.000000,0.000000,0.000000,0.022196,0.009203,0.000000,0.011491,0.003148,0.020468,0.013516,0.050433,0.062231,0.091132,0.091711,0.081578
1406.625578,0.016430,0.000000,0.029809,0.034195,0.026595,0.011752,0.023298,0.003232,0.025460,0.005738,0.065730,0.079109,0.061723,0.064134,0.071461
1411.556240,0.000000,0.013519,0.000131,0.014732,0.005400,0.024515,0.026790,0.000000,0.033069,0.011262,0.056945,0.069484,0.069465,0.068553,0.066923
1416.486903,0.000000,0.010506,0.000000,0.015224,0.013238,0.021232,0.000119,0.000000,0.000000,0.017956,0.037698,0.066901,0.088225,0.046908,0.068265
1421.417565,0.000000,0.002241,0.000000,0.000000,0.000000,0.000000,0.000000,0.013587,0.020847,0.017398,0.061809,0.044023,0.057223,0.084215,0.062121
1426.348228,0.000000,0.001045,0.011222,0.000000,0.010726,0.000000,0.010172,0.011889,0.021544,0.000000,0.074807,0.091583,0.063213,0.018581,0.050073
1431.278891,0.025850,0.015563,0.009913,0.000000,0.002319,0.000000,0.030477,0.003100,0.004024,0.000000,0.063269,0.041954,0.063206,0.049655,0.051669
1436.209553,0.021927,0.000000,0.000000,0.000000,0.000000,0.019490,0.013761,0.000000,0.007324,0.000000,0.021362,0.045031,0.052190,0.047132,0.038720
1441.140216,0.000000,0.000000,0.000000,0.014524,0.000000,0.012277,0.006625,0.012805,0.000000,0.008327,0.059385,0.030329,0.064226,0.041617,0.055448
1446.070878,0.011596,0.000000,0.000387,0.000000,0.000000,0.013407,0.038922,0.000000,0.000000,0.000000,0.042852,0.060291,0.043574,0.019926,0.034801
1451.001541,0.005700,0.017854,0.000000,0.000000,0.002886,0.000000,0.000000,0.000000,0.029614,0.000000,0.038418,0.032341,0.046831,0.019049,0.065850
1455.932203,0.000000,0.000000,0.000000,0.000000,0.006040,0.000000,0.016010,0.000000,0.000000,0.010118,0.030351,0.052880,0.030235,0.032408,0.040671
1460.862866,0.003776,0.017895,0.012339,0.000000,0.000000,0.003398,0.000000,0.000000,0.000000,0.000000,0.039531,0.025245,0.077956,0.037604,0.045088
1465.793529,0.000000,0.000000,0.000000,0.001368,0.000000,0.003598,0.002861,0.003896,0.006529,0.000000,0.061123,0.043599,0.044533,0.018458,0.030092
1470.724191,0.001267,0.000000,0.005800,0.000000,0.011230,0.000000,0.003314,0.000000,0.010689,0.029180,0.049776,0.034726,0.042683,0.021571,0.037068
1475.654854,0.000000,0.018917,0.018806,0.000000,0.000000,0.003941,0.024557,0.000000,0.026390,0.023508,0.037176,0.054585,0.062679,0.047271,0.045884
1480.585516,0.000000,0.000000,0.010036,0.028313,0.000000,0.011359,0.000000,0.028318,0.000000,0.000000,0.035529,0.038908,0.037246,0.056088,0.045422
1485.516179,0.000000,0.000000,0.000335,0.000000,0.023307,0.005005,0.000000,0.012309,0.002319,0.022337,0.042019,0.033030,0.046651,0.034409,0.038125
1490.446841,0.017840,0.000000,0.032837,0.000000,0.000000,0.000000,0.000000,0.019109,0.014470,0.021873,0.060298,0.054669,0.038358,0.035131,0.032928
1495.377504,0.005035,0.013982,0.010314,0.000000,0.000000,0.000000,0.008731,0.001811,0.000000,0.000000,0.083454,0.034814,0.053770,0.038139,0.054342
1500.308166,0.000000,0.017897,0.000000,0.017999,0.010333,0.000000,0.000000,0.015450,0.000800,0.042419,0.044922,0.042623,0.052382,0.090445,0.060417
1505.238829,0.022952,0.000000,0.011307,0.031539,0.000000,0.003711,0.007595,0.012638,0.029589,0.000000,0.066741,0.072683,0.071545,0.065796,0.071709
1510.169492,0.000000,0.006110,0.006306,0.004999,0.038989,0.000000,0.000000,0.019071,0.020993,0.000000,0.068509,0.041851,0.068755,0.063834,0.088782
1515.100154,0.000000,0.010727,0.000000,0.000000,0.000000,0.000000,0.000000,0.036354,0.009271,0.000000,0.072234,0.087727,0.070497,0.087792,0.073873
1520.030817,0.000000,0.000000,0.001141,0.000000,0.021565,0.000000,0.016659,0.000000,0.000000,0.003090,0.100785,0.081708,0.085657,0.116944,0.059203
1524.961479,0.023554,0.005341,0.000000,0.015988,0.023376,0.011739,0.000000,0.004626,0.000000,0.000000,0.117388,0.087647,0.101749,0.112407,0.099877
1529.892142,0.014482,0.000000,0.000000,0.000000,0.013761,0.000170,0.010356,0.000000,0.006805,0.001701,0.106276,0.121111,0.113336,0.089117,0.091263
1534.822804,0.013770,0.000000,0.000000,0.021809,0.000000,0.002758,0.008850,0.000000,0.000000,0.017992,0.135373,0.148611,0.156805,0.129521,0.121288
1539.753467,0.010050,0.000000,0.000000,0.021264,0.005373,0.000000,0.000000,0.000000,0.000000,0.004908,0.199194,0.160265,0.182454,0.151312,0.184332
1544.684129,0.001669,0.001020,0.000000,0.001068,0.000000,0.000000,0.000000,0.000893,0.047125,0.000000,0.226910,0.204876,0.214306,0.187677,0.215645
1549.614792,0.003249,0.000462,0.000000,0.009707,0.012155,0.003248,0.015585,0.010090,0.000000,0.024799,0.285142,0.271605,0.248694,0.222631,0.249603
1554.545455,0.000000,0.000000,0.000000,0.011261,0.000000,0.000000,0.003329,0.000000,0.000000,0.000000,0.345712,0.343762,0.347563,0.301123,0.321377
1559.476117,0.000000,0.000000,0.000000,0.023328,0.000000,0.000000,0.015485,0.017575,0.004406,0.016057,0.452141,0.432669,0.423606,0.381968,0.428286
1564.406780,0.000830,0.016714,0.001587,0.000000,0.014959,0.000000,0.000000,0.019782,0.000000,0.000000,0.606595,0.556526,0.581465,0.526721,0.535906
1569.337442,0.022693,0.003221,0.000000,0.017732,0.000000,0.018680,0.000000,0.000000,0.000000,0.004699,0.772103,0.716222,0.745410,0.676780,0.731058
1574.268105,0.008351,0.013290,0.009768,0.000000,0.000000,0.003503,0.000000,0.021850,0.000000,0.001900,0.951654,0.872952,0.893030,0.812536,0.873976
1579.198767,0.000000,0.018041,0.000000,0.000000,0.002479,0.022507,0.000000,0.026749,0.012257,0.003316,1.088822,0.956907,0.960375,0.900754,0.980717
1584.129430,0.000000,0.008846,0.000000,0.001554,0.000000,0.000000,0.016228,0.007423,0.004184,0.000566,1.077271,0.889680,0.898173,0.885652,0.879561
1589.060092,0.000000,0.034077,0.020139,0.000000,0.017480,0.000000,0.009066,0.000000,0.000000,0.000000,0.895667,0.733858,0.783410,0.766762,0.760760
1593.990755,0.024056,0.000000,0.000000,0.000000,0.005126,0.000000,0.000043,0.022460,0.000000,0.000000,0.734529,0.586715,0.582565,0.601941,0.571249
1598.921418,0.007615,0.012139,0.000000,0.000000,0.000000,0.000000,0.002503,0.000000,0.007671,0.007896,0.559951,0.428178,0.444479,0.453109,0.459154
1603.852080,0.001028,0.000000,0.016564,0.000000,0.000000,0.022035,0.011927,0.000000,0.000000,0.000000,0.406885,0.326253,0.357133,0.297571,0.325941
1608.782743,0.000000,0.027849,0.000000,0.021799,0.000000,0.005403,0.000000,0.002149,0.017749,0.000000,0.324943,0.252911,0.273496,0.261819,0.276271
1613.713405,0.000000,0.025519,0.000000,0.029452,0.000000,0.011469,0.006421,0.000000,0.012154,0.000000,0.255380,0.232208,0.227643,0.201529,0.204090
1618.644068,0.000000,0.000000,0.003424,0.009765,0.001165,0.011033,0.002563,0.016473,0.000000,0.000000,0.214993,0.136703,0.153969,0.166095,0.158129
1623.574730,0.013119,0.000000,0.016189,0.017802,0.000000,0.000298,0.000000,0.012038,0.005261,0.000313,0.177930,0.140601,0.125590,0.121819,0.138090
1628.505393,0.000000,0.009977,0.000000,0.000000,0.014481,0.000000,0.000000,0.018658,0.030205,0.003787,0.120196,0.120374,0.166436,0.110120,0.124490
1633.436055,0.000000,0.011860,0.000000,0.000000,0.000000,0.002201,0.020801,0.009082,0.023837,0.002450,0.097539,0.097505,0.099586,0.088427,0.105611
1638.366718,0.000000,0.011061,0.000000,0.004254,0.014739,0.010469,0.000000,0.000000,0.000000,0.000000,0.115597,0.115959,0.081794,0.124928,0.109087
1643.297381,0.001658,0.000000,0.000000,0.000000,0.000000,0.007255,0.000000,0.000000,0.013871,0.001303,0.088217,0.088438,0.076939,0.083256,0.086535
1648.228043,0.000000,0.006839,0.000000,0.000000,0.012849,0.007755,0.000000,0.013473,0.000000,0.000000,0.081599,0.073808,0.079715,0.060506,0.025783
1653.158706,0.000000,0.009807,0.000000,0.001470,0.000000,0.002676,0.000000,0.000000,0.000000,0.000000,0.071240,0.042795,0.040529,0.055091,0.051640
1658.089368,0.000000,0.000000,0.004651,0.000000,0.000000,0.000000,0.017219,0.044122,0.008686,0.000146,0.081472,0.056439,0.055529,0.047723,0.021626
1663.020031,0.013282,0.015421,0.000000,0.000000,0.000000,0.000000,0.000000,0.000000,0.004058,0.000000,0.034467,0.038974,0.045702,0.047059,0.040393
1667.950693,0.000000,0.000000,0.001896,0.005810,0.008682,0.000000,0.000000,0.000000,0.008062,0.000000,0.063225,0.040501,0.051352,0.033664,0.050993
1672.881356,0.008669,0.009518,0.006183,0.000000,0.014079,0.015393,0.000000,0.017529,0.000000,0.000000,0.030326,0.038984,0.040266,0.035675,0.017910
1677.812018,0.022879,0.000000,0.000000,0.015332,0.031800,0.000000,0.000000,0.011503,0.005219,0.010306,0.049373,0.026111,0.026752,0.048101,0.016973
1682.742681,0.000000,0.014391,0.002020,0.000000,0.019370,0.000000,0.000000,0.000000,0.000000,0.000000,0.055088,0.039093,0.019025,0.042325,0.033919
1687.673344,0.000000,0.000000,0.025175,0.000000,0.003759,0.036105,0.000000,0.000000,0.007411,0.004961,0.011695,0.050772,0.000000,0.031991,0.024981
1692.604006,0.002884,0.000000,0.004962,0.001926,0.000000,0.000000,0.012221,0.006661,0.012800,0.000000,0.035622,0.040233,0.041008,0.045209,0.050762
1697.534669,0.000000,0.005619,0.000000,0.000000,0.005842,0.000000,0.010916,0.012790,0.000000,0.000000,0.023245,0.026759,0.003649,0.026633,0.030009
1702.465331,0.000000,0.000000,0.000000,0.000000,0.000000,0.000004,0.000000,0.011691,0.012500,0.000000,0.021032,0.000000,0.017336,0.006797,0.031442
1707.395994,0.006926,0.000000,0.000000,0.000000,0.021964,0.019607,0.013043,0.000000,0.000000,0.007645,0.024183,0.035907,0.045669,0.000000,0.048113
1712.326656,0.030245,0.000000,0.004168,0.011252,0.014171,0.000000,0.007154,0.006716,0.000000,0.006488,0.006338,0.034447,0.014207,0.008239,0.013126
1717.257319,0.000000,0.000000,0.013248,0.009709,0.000000,0.009453,0.000000,0.012890,0.021933,0.012281,0.006208,0.015293,0.027857,0.016547,0.019373
1722.187982,0.000000,0.007463,0.000000,0.019304,0.000000,0.001746,0.011266,0.011700,0.026684,0.028119,0.028973,0.010202,0.014850,0.022391,0.003466
1727.118644,0.000000,0.015356,0.000000,0.000000,0.020520,0.000000,0.000000,0.000000,0.004012,0.004706,0.030585,0.025278,0.026987,0.031620,0.021157
1732.049307,0.004798,0.000000,0.017070,0.000000,0.004632,0.047489,0.000000,0.000000,0.000000,0.004826,0.008559,0.003662,0.016396,0.005882,0.031864
1736.979969,0.000000,0.015728,0.000000,0.000000,0.000000,0.001296,0.000000,0.000000,0.000000,0.000000,0.000000,0.025539,0.007783,0.001587,0.036030
1741.910632,0.000000,0.000280,0.002892,0.002587,0.017806,0.000000,0.000000,0.000000,0.005688,0.002151,0.049497,0.000000,0.033885,0.024564,0.014283
1746.841294,0.019207,0.000000,0.000000,0.000000,0.000000,0.000000,0.013402,0.002886,0.011906,0.000000,0.030641,0.000000,0.009836,0.029994,0.003511
1751.771957,0.000000,0.008613,0.000000,0.000000,0.000000,0.005922,0.000000,0.014016,0.000000,0.000000,0.018931,0.012503,0.000000,0.004473,0.002057
1756.702619,0.016232,0.015886,0.000000,0.011755,0.000000,0.006346,0.000000,0.009456,0.008602,0.030412,0.000000,0.000000,0.007700,0.016163,0.000000
1761.633282,0.022877,0.000000,0.032655,0.002681,0.000000,0.011784,0.000000,0.000000,0.007574,0.000000,0.003658,0.011216,0.019685,0.031251,0.014213
1766.563945,0.003901,0.000000,0.000000,0.000000,0.012974,0.002316,0.003134,0.000529,0.006822,0.004277,0.015316,0.018216,0.000000,0.014895,0.032231
1771.494607,0.008312,0.000000,0.000000,0.020028,0.000000,0.000000,0.000000,0.026565,0.000000,0.007091,0.000000,0.000000,0.022288,0.008796,0.000000
1776.425270,0.029295,0.001251,0.000000,0.014961,0.000000,0.008169,0.013128,0.000000,0.008327,0.002688,0.034450,0.022914,0.021557,0.000000,0.000000
1781.355932,0.000000,0.000000,0.000000,0.000000,0.000000,0.000000,0.000000,0.004737,0.000000,0.000000,0.012262,0.001550,0.040726,0.028757,0.031603
1786.286595,0.000000,0.015430,0.009849,0.012479,0.010915,0.000000,0.000000,0.023649,0.022520,0.000000,0.015631,0.016850,0.000477,0.018141,0.000000
1791.217257,0.000000,0.000000,0.002852,0.000000,0.000000,0.000000,0.000000,0.005352,0.002215,0.000000,0.000000,0.011794,0.018929,0.010010,0.014886
1796.147920,0.000636,0.006946,0.030877,0.016895,0.000241,0.000000,0.000700,0.000000,0.000000,0.000000,0.000000,0.002041,0.000000,0.000809,0.000000
1801.078582,0.022198,0.000000,0.003217,0.000000,0.000000,0.000000,0.000000,0.005780,0.020357,0.000000,0.000000,0.000807,0.002721,0.000000,0.021030
1806.009245,0.014404,0.005391,0.021721,0.000000,0.000000,0.000000,0.004280,0.000000,0.017486,0.000000,0.012467,0.000000,0.009987,0.005738,0.020762
1810.939908,0.000000,0.005883,0.004160,0.000000,0.000000,0.000000,0.027337,0.000000,0.000000,0.000000,0.004142,0.000000,0.014086,0.005375,0.011323
1815.870570,0.000000,0.000000,0.009093,0.000000,0.004618,0.000920,0.000000,0.015912,0.033230,0.010519,0.003511,0.000000,0.007166,0.023249,0.020908
1820.801233,0.000000,0.030322,0.000000,0.002891,0.005511,0.002022,0.000704,0.007187,0.000000,0.000000,0.012189,0.030349,0.006416,0.000000,0.009084
1825.731895,0.004394,0.005574,0.000000,0.002636,0.000000,0.000000,0.020306,0.000000,0.004863,0.006835,0.010607,0.021335,0.000000,0.027985,0.016560
1830.662558,0.000000,0.026663,0.000000,0.000546,0.030657,0.000000,0.000000,0.013518,0.017895,0.000000,0.028991,0.000000,0.000879,0.006632,0.035229
1835.593220,0.003227,0.014396,0.000000,0.000000,0.007925,0.000000,0.000000,0.006665,0.000000,0.006602,0.003905,0.017894,0.011511,0.023770,0.024178
1840.523883,0.004461,0.000000,0.000000,0.000000,0.008947,0.013759,0.000000,0.001710,0.015174,0.001221,0.000000,0.009569,0.014978,0.000000,0.000000
1845.454545,0.000000,0.000000,0.013218,0.001401,0.002144,0.000000,0.005924,0.004645,0.000000,0.003776,0.006240,0.000923,0.015972,0.010789,0.000000
1850.385208,0.000000,0.006550,0.000000,0.000000,0.000000,0.000000,0.007654,0.003925,0.000000,0.000000,0.027870,0.012628,0.020928,0.023773,0.003665
1855.315871,0.003109,0.000926,0.000000,0.003672,0.014498,0.000000,0.000000,0.000000,0.000000,0.000000,0.000000,0.017114,0.023553,0.006995,0.003662
1860.246533,0.000000,0.000750,0.000000,0.016971,0.016531,0.000000,0.000536,0.000000,0.005114,0.000000,0.006610,0.000000,0.000000,0.000000,0.008025
1865.177196,0.007562,0.000000,0.000000,0.004117,0.000000,0.012833,0.018991,0.000498,0.000000,0.002710,0.000447,0.001846,0.000000,0.000034,0.000000
1870.107858,0.028073,0.000000,0.006115,0.000000,0.015826,0.000000,0.012877,0.000000,0.000000,0.011286,0.011569,0.007922,0.003691,0.012925,0.016474
1875.038521,0.008889,0.000000,0.000000,0.000000,0.007716,0.002203,0.000000,0.000000,0.000000,0.016250,0.009242,0.000000,0.000000,0.000000,0.007152
1879.969183,0.000847,0.000000,0.000000,0.000000,0.014419,0.000000,0.000000,0.019628,0.000000,0.000000,0.000000,0.007963,0.020851,0.000000,0.011893
1884.899846,0.000000,0.005585,0.004368,0.000000,0.007001,0.029215,0.001387,0.000000,0.023720,0.001330,0.001819,0.004126,0.016447,0.008075,0.006479
1889.830508,0.005829,0.000000,0.002192,0.000000,0.000000,0.013819,0.010592,0.000000,0.000000,0.000000,0.018976,0.000000,0.004018,0.000000,0.015489
1894.761171,0.000000,0.000000,0.000000,0.000000,0.000000,0.017027,0.000000,0.000000,0.000000,0.000000,0.021133,0.000000,0.007207,0.014581,0.000000
1899.691834,0.000000,0.000000,0.000000,0.017831,0.027377,0.000000,0.000000,0.000458,0.000000,0.000000,0.018478,0.009282,0.023563,0.000000,0.029782
1904.622496,0.012829,0.004098,0.000000,0.000000,0.003795,0.000000,0.000000,0.000446,0.000174,0.000000,0.017490,0.017215,0.000281,0.000000,0.011211
1909.553159,0.010602,0.000000,0.000000,0.014352,0.000000,0.016309,0.000000,0.001080,0.012003,0.000000,0.000000,0.009477,0.000672,0.000000,0.012680
1914.483821,0.000000,0.000000,0.017719,0.000000,0.005230,0.000000,0.000000,0.000000,0.012391,0.000000,0.000000,0.000000,0.018162,0.026453,0.015033
1919.414484,0.000000,0.000000,0.000000,0.001091,0.000000,0.000000,0.000000,0.014080,0.000000,0.007957,0.018198,0.015208,0.011802,0.000000,0.022018
1924.345146,0.000000,0.000000,0.022858,0.000000,0.000000,0.005114,0.006684,0.000000,0.000000,0.000000,0.000000,0.007010,0.025396,0.003793,0.016777
1929.275809,0.000000,0.000000,0.012668,0.006950,0.000000,0.000000,0.000000,0.015620,0.000636,0.000000,0.003472,0.012878,0.010223,0.007520,0.009238
1934.206471,0.009561,0.023871,0.000000,0.012407,0.000000,0.011697,0.000000,0.000000,0.012439,0.034676,0.000000,0.020845,0.015611,0.000000,0.002908
1939.137134,0.033875,0.000000,0.011754,0.003603,0.004085,0.000377,0.000000,0.000000,0.010569,0.002485,0.000000,0.000000,0.000000,0.020104,0.000000
1944.067797,0.003262,0.009779,0.000000,0.000000,0.000000,0.007289,0.000000,0.014974,0.000000,0.000000,0.000000,0.002427,0.000000,0.006308,0.008737
1948.998459,0.000000,0.000000,0.000000,0.000000,0.000000,0.000000,0.010110,0.000000,0.000000,0.010018,0.000000,0.000000,0.004537,0.010290,0.000797
1953.929122,0.000000,0.004494,0.000000,0.024895,0.004278,0.007796,0.000000,0.000000,0.032248,0.000000,0.012543,0.000000,0.000000,0.000000,0.000735
1958.859784,0.000000,0.000000,0.000000,0.000000,0.009025,0.000000,0.006250,0.005715,0.014372,0.023603,0.000000,0.032389,0.010439,0.000000,0.041436
1963.790447,0.000000,0.000000,0.000000,0.000000,0.000000,0.014410,0.000000,0.000000,0.004048,0.000000,0.000000,0.017391,0.018483,0.000000,0.000000
1968.721109,0.000000,0.008539,0.000000,0.021983,0.000000,0.017037,0.001017,0.001238,0.005204,0.000000,0.000043,0.000000,0.005578,0.000575,0.006158
1973.651772,0.001754,0.026351,0.001499,0.016325,0.000000,0.013770,0.000000,0.000000,0.000000,0.000000,0.000000,0.010120,0.001271,0.000000,0.023462
1978.582435,0.000000,0.002928,0.000000,0.008015,0.000000,0.007837,0.000000,0.000000,0.000000,0.000000,0.024719,0.000000,0.020034,0.014226,0.019663
1983.513097,0.016690,0.001872,0.007438,0.000000,0.000000,0.009596,0.000000,0.000000,0.000000,0.020868,0.000000,0.020183,0.003760,0.025649,0.023816
1988.443760,0.015948,0.000000,0.000000,0.035305,0.000000,0.000000,0.008248,0.008174,0.000000,0.000000,0.006576,0.005219,0.018426,0.000000,0.000000
1993.374422,0.016279,0.008757,0.000000,0.005902,0.000000,0.012609,0.002196,0.013215,0.000000,0.000000,0.000000,0.001572,0.035817,0.000000,0.000000
1998.305085,0.000000,0.000000,0.000000,0.008212,0.000000,0.000000,0.000000,0.000000,0.000000,0.003283,0.000000,0.005995,0.014676,0.010017,0.014440
2003.235747,0.007726,0.012487,0.000000,0.000000,0.000000,0.001508,0.012037,0.024210,0.000000,0.008121,0.000000,0.009357,0.017734,0.026198,0.000701
2008.166410,0.000000,0.000000,0.000000,0.000000,0.030245,0.000000,0.002333,0.000000,0.008735,0.014681,0.000000,0.004375,0.011323,0.000000,0.030789
2013.097072,0.000000,0.026120,0.000000,0.000000,0.000000,0.000000,0.007521,0.000000,0.000000,0.004813,0.000000,0.000855,0.007817,0.012590,0.008536
2018.027735,0.000000,0.000000,0.000000,0.006112,0.000000,0.000000,0.010942,0.000000,0.000413,0.032619,0.005607,0.001983,0.008149,0.000000,0.008040
2022.958398,0.000000,0.000000,0.008857,0.005884,0.004136,0.009957,0.000000,0.023156,0.000000,0.000000,0.026440,0.011074,0.005142,0.000000,0.011702
2027.889060,0.000000,0.013229,0.008471,0.000000,0.008957,0.021338,0.000000,0.000000,0.000000,0.002260,0.001499,0.000000,0.019718,0.015386,0.001010
2032.819723,0.011922,0.000000,0.000000,0.000000,0.006968,0.000000,0.004332,0.000000,0.000000,0.012429,0.001383,0.003855,0.000000,0.000000,0.006867
2037.750385,0.000000,0.000000,0.000000,0.000000,0.000000,0.000000,0.000000,0.000000,0.000000,0.000000,0.000000,0.002192,0.000289,0.000000,0.000000
2042.681048,0.003254,0.000000,0.000000,0.000000,0.014978,0.021851,0.005226,0.000000,0.000000,0.000000,0.040768,0.000000,0.013551,0.013109,0.004518
2047.611710,0.015033,0.000000,0.006754,0.000000,0.000000,0.000000,0.016016,0.020351,0.006254,0.000000,0.027160,0.014186,0.000000,0.002731,0.000000
2052.542373,0.000000,0.001791,0.000000,0.013490,0.000000,0.031177,0.012210,0.000000,0.000000,0.000000,0.011587,0.000000,0.002590,0.000000,0.008917
2057.473035,0.000000,0.036613,0.018582,0.017297,0.000000,0.000831,0.000000,0.026919,0.007400,0.000000,0.013749,0.000000,0.000000,0.001099,0.000000
2062.403698,0.002637,0.017182,0.000000,0.042442,0.000000,0.000000,0.000000,0.000000,0.000000,0.000000,0.000000,0.000000,0.010413,0.010562,0.000000
2067.334361,0.005889,0.000000,0.000000,0.013181,0.010718,0.014835,0.000000,0.000000,0.009421,0.000000,0.001110,0.011497,0.016486,0.000000,0.011978
2072.265023,0.000000,0.000000,0.005098,0.000000,0.009364,0.025469,0.000000,0.012729,0.000000,0.005195,0.006459,0.000000,0.024942,0.014599,0.008491
2077.195686,0.015445,0.000000,0.015496,0.000000,0.000000,0.000000,0.015950,0.000000,0.000000,0.000000,0.005117,0.004549,0.011294,0.009327,0.000000
2082.126348,0.003163,0.015072,0.005145,0.000000,0.014000,0.023451,0.000000,0.000000,0.000000,0.030355,0.000000,0.009265,0.000000,0.025365,0.001711
2087.057011,0.000000,0.000000,0.015798,0.000000,0.001229,0.000000,0.000000,0.023569,0.000000,0.024889,0.000000,0.000000,0.007705,0.022127,0.000000
2091.987673,0.000000,0.000000,0.002022,0.000000,0.013446,0.022360,0.010386,0.000000,0.009929,0.015985,0.010953,0.010224,0.012265,0.016001,0.035733
2096.918336,0.012089,0.013277,0.018451,0.014523,0.000000,0.000000,0.000000,0.017489,0.000000,0.000000,0.007968,0.000000,0.024342,0.000095,0.000000
2101.848998,0.006964,0.012976,0.018684,0.009180,0.000000,0.000000,0.000000,0.000000,0.000000,0.000000,0.000000,0.000345,0.000000,0.004928,0.030856
2106.779661,0.000000,0.000000,0.000000,0.008831,0.011642,0.007592,0.025030,0.000000,0.012964,0.017731,0.004742,0.002351,0.009446,0.000000,0.000000
2111.710324,0.020223,0.000000,0.021594,0.003211,0.000000,0.013961,0.021670,0.007666,0.017559,0.002129,0.022108,0.015274,0.000000,0.045987,0.011516
2116.640986,0.008977,0.000000,0.002477,0.009920,0.000000,0.031501,0.008787,0.000000,0.011456,0.007777,0.000000,0.014304,0.014403,0.000000,0.001283
2121.571649,0.020157,0.000000,0.001310,0.021720,0.000000,0.025914,0.003378,0.018480,0.015630,0.000000,0.006954,0.028721,0.010544,0.011562,0.000000
2126.502311,0.000000,0.000000,0.000000,0.000000,0.000000,0.010488,0.000000,0.014453,0.006875,0.015331,0.000000,0.006482,0.011338,0.023640,0.019303
2131.432974,0.000000,0.011253,0.000000,0.000000,0.000000,0.000000,0.007714,0.000995,0.011617,0.000000,0.015703,0.000000,0.016889,0.000000,0.017524
2136.363636,0.000000,0.000000,0.011670,0.000000,0.020896,0.000000,0.000221,0.009202,0.013235,0.000976,0.000000,0.000000,0.009742,0.000000,0.000977
2141.294299,0.038061,0.007225,0.000000,0.024286,0.000000,0.000000,0.002655,0.008522,0.006117,0.000000,0.000000,0.013235,0.000000,0.000000,0.000000
2146.224961,0.000000,0.028031,0.009750,0.019459,0.013264,0.000000,0.000000,0.000000,0.001003,0.000000,0.000000,0.026559,0.009299,0.000000,0.036460
2151.155624,0.023820,0.017601,0.005235,0.011290,0.034434,0.000000,0.000000,0.013479,0.002191,0.006842,0.038409,0.008912,0.021492,0.000000,0.026462
2156.086287,0.000000,0.000000,0.004169,0.000000,0.000360,0.000000,0.000000,0.000000,0.036131,0.000000,0.000000,0.000000,0.002650,0.000000,0.007558
2161.016949,0.002464,0.013044,0.000000,0.002600,0.000000,0.002738,0.004071,0.009293,0.000262,0.000000,0.000000,0.008047,0.004744,0.022831,0.001019
2165.947612,0.000000,0.017373,0.000000,0.000000,0.010902,0.000000,0.020724,0.000000,0.000000,0.011120,0.010411,0.007822,0.000000,0.014337,0.009907
2170.878274,0.000000,0.000000,0.009730,0.001218,0.027439,0.038542,0.004758,0.001579,0.000000,0.000000,0.007021,0.004733,0.021032,0.004029,0.006782
2175.808937,0.014763,0.000000,0.000000,0.000000,0.000000,0.011434,0.000000,0.006290,0.000000,0.017875,0.028073,0.000000,0.000000,0.003970,0.023531
2180.739599,0.000000,0.000000,0.001360,0.007805,0.001321,0.000000,0.000000,0.000000,0.003718,0.000000,0.000000,0.000000,0.000000,0.000000,0.000000
2185.670262,0.016090,0.000000,0.000000,0.000000,0.000000,0.008523,0.000000,0.000000,0.000000,0.007798,0.000000,0.000000,0.000000,0.014080,0.005989
2190.600924,0.005065,0.022066,0.010077,0.012824,0.008397,0.000000,0.000000,0.000000,0.000000,0.006876,0.000000,0.019195,0.000000,0.010066,0.000000
2195.531587,0.000000,0.000000,0.000000,0.003627,0.002394,0.000000,0.007706,0.011006,0.004482,0.000000,0.009403,0.007471,0.000994,0.000000,0.025369
2200.462250,0.000000,0.000000,0.013076,0.000000,0.009901,0.000000,0.005338,0.000000,0.000000,0.000000,0.009132,0.000000,0.022913,0.006871,0.032864
2205.392912,0.000000,0.000000,0.000000,0.000000,0.000000,0.021593,0.000000,0.006671,0.003932,0.012407,0.019880,0.004667,0.016048,0.000925,0.004501
2210.323575,0.000000,0.000000,0.010390,0.000000,0.000741,0.008949,0.003323,0.022976,0.002160,0.000000,0.000000,0.000000,0.025143,0.000000,0.014021
2215.254237,0.000000,0.002497,0.000000,0.012214,0.000000,0.000000,0.000000,0.005461,0.017344,0.000000,0.000000,0.032582,0.026079,0.000000,0.027077
2220.184900,0.000000,0.004077,0.012120,0.000000,0.000000,0.000000,0.000000,0.000000,0.025103,0.008212,0.002138,0.007437,0.000000,0.000000,0.001554
2225.115562,0.000000,0.000000,0.000000,0.004429,0.000000,0.014294,0.000000,0.002008,0.005564,0.000000,0.016478,0.000000,0.011775,0.000000,0.000000
2230.046225,0.000000,0.017058,0.000000,0.000000,0.000000,0.007473,0.000000,0.015742,0.000000,0.006393,0.011187,0.016074,0.026423,0.011023,0.021774
2234.976888,0.000000,0.000000,0.033642,0.000000,0.000000,0.005780,0.020591,0.000000,0.000000,0.000000,0.000000,0.000000,0.037899,0.009646,0.013838
2239.907550,0.000000,0.000003,0.000000,0.013597,0.023556,0.000000,0.000000,0.016778,0.000000,0.003699,0.000000,0.012902,0.000000,0.009070,0.003202
2244.838213,0.013249,0.000000,0.000000,0.000000,0.000000,0.000000,0.017932,0.009415,0.000647,0.015428,0.017355,0.005413,0.000000,0.001566,0.028296
2249.768875,0.000000,0.001993,0.000000,0.010193,0.000000,0.001472,0.019194,0.006464,0.000000,0.004113,0.018411,0.000000,0.011912,0.000000,0.010007
2254.699538,0.000058,0.003316,0.000000,0.006307,0.016528,0.013848,0.000000,0.000000,0.001175,0.000000,0.044421,0.014583,0.000473,0.035096,0.000000
2259.630200,0.000000,0.000000,0.017862,0.000000,0.000000,0.000000,0.000000,0.000000,0.000000,0.008981,0.001977,0.000000,0.000000,0.000000,0.011822
2264.560863,0.000000,0.000000,0.025880,0.000000,0.007630,0.000000,0.000000,0.000000,0.009712,0.000119,0.028550,0.024216,0.010877,0.022566,0.005824
2269.491525,0.012807,0.011894,0.000000,0.000000,0.000000,0.017203,0.000000,0.001111,0.000000,0.000000,0.000000,0.006377,0.000000,0.010006,0.035011
2274.422188,0.000000,0.005241,0.000000,0.000000,0.003765,0.000000,0.009152,0.008017,0.001575,0.020054,0.000000,0.000000,0.000000,0.005826,0.006649
2279.352851,0.022480,0.000000,0.017585,0.000000,0.002571,0.016199,0.000000,0.006484,0.000000,0.000000,0.000000,0.000000,0.005336,0.000000,0.003901
2284.283513,0.000000,0.030603,0.016631,0.011106,0.000000,0.003687,0.014215,0.000000,0.000000,0.027239,0.000000,0.028464,0.007551,0.001695,0.013649
2289.214176,0.005803,0.034642,0.012330,0.000000,0.000619,0.013257,0.017048,0.001168,0.000000,0.000000,0.000000,0.026262,0.014977,0.000000,0.010878
2294.144838,0.000000,0.000000,0.017353,0.005790,0.030502,0.026206,0.004424,0.006009,0.001897,0.022751,0.000000,0.000000,0.019416,0.000000,0.000000
2299.075501,0.000000,0.004532,0.000000,0.000000,0.000000,0.010370,0.004176,0.000000,0.023273,0.000000,0.004520,0.029223,0.008665,0.003618,0.009222
2304.006163,0.008821,0.037640,0.000000,0.004585,0.000994,0.011680,0.000000,0.000000,0.002481,0.000000,0.000000,0.008623,0.002775,0.000000,0.002632
2308.936826,0.000000,0.011763,0.000000,0.000000,0.006530,0.000000,0.004458,0.000000,0.005529,0.000654,0.015250,0.003308,0.000000,0.018118,0.028740
2313.867488,0.009054,0.003321,0.000000,0.000000,0.000000,0.000000,0.000000,0.000000,0.000000,0.004188,0.004436,0.005322,0.000000,0.022376,0.043803
2318.798151,0.000000,0.000000,0.014721,0.008733,0.000000,0.009698,0.005339,0.000000,0.021510,0.007323,0.005767,0.002916,0.000234,0.000000,0.000000
2323.728814,0.000000,0.000000,0.000000,0.000681,0.032389,0.023052,0.002340,0.000000,0.000000,0.015077,0.027582,0.026866,0.020916,0.000000,0.000000
2328.659476,0.000000,0.000000,0.034198,0.000000,0.000000,0.020919,0.000000,0.000000,0.012066,0.000000,0.010688,0.009073,0.016098,0.010138,0.000000
2333.590139,0.000785,0.000000,0.001118,0.000000,0.031190,0.034787,0.031478,0.010324,0.001649,0.006580,0.008473,0.000000,0.036291,0.009383,0.000000
2338.520801,0.014382,0.011178,0.000000,0.002519,0.008041,0.004700,0.000000,0.004405,0.000000,0.010230,0.006066,0.036610,0.004876,0.008030,0.000000
2343.451464,0.000000,0.000000,0.011973,0.005179,0.001147,0.003079,0.000000,0.000000,0.015446,0.000000,0.007423,0.019812,0.000000,0.012848,0.009519
2348.382126,0.000000,0.000000,0.027024,0.000000,0.007144,0.015129,0.003425,0.000446,0.000269,0.000000,0.015092,0.000000,0.019209,0.017887,0.025220
2353.312789,0.000000,0.000000,0.007297,0.000000,0.009530,0.000320,0.000000,0.000000,0.002719,0.000000,0.000000,0.002830,0.022389,0.019855,0.000000
2358.243451,0.009778,0.000000,0.000000,0.008143,0.017700,0.000000,0.000000,0.025788,0.006819,0.010415,0.023841,0.000000,0.000000,0.033899,0.000000
2363.174114,0.000000,0.000000,0.005570,0.037231,0.006542,0.000000,0.000000,0.000000,0.000000,0.011153,0.030295,0.008873,0.000000,0.007645,0.000000
2368.104777,0.000000,0.000000,0.020639,0.000000,0.002174,0.014903,0.000000,0.000000,0.000000,0.000000,0.024348,0.013956,0.010266,0.020401,0.026246
2373.035439,0.000000,0.015632,0.000000,0.005056,0.002649,0.000000,0.000000,0.001521,0.007029,0.000000,0.000371,0.011992,0.018473,0.000000,0.029792
2377.966102,0.016590,0.005493,0.000000,0.005665,0.020283,0.007718,0.004024,0.000000,0.000000,0.017716,0.000000,0.000509,0.000000,0.005907,0.000000
2382.896764,0.000000,0.007575,0.015251,0.000000,0.012259,0.000000,0.015765,0.000000,0.001016,0.000000,0.001615,0.000000,0.003853,0.000000,0.000000
2387.827427,0.000000,0.005346,0.002104,0.001862,0.000000,0.016479,0.011306,0.023482,0.000000,0.001591,0.010530,0.021256,0.000000,0.029254,0.012567
2392.758089,0.000000,0.000892,0.000000,0.000000,0.000000,0.000000,0.016970,0.003665,0.000000,0.000000,0.020687,0.008252,0.000000,0.043636,0.027271
2397.688752,0.000000,0.000000,0.000000,0.020775,0.004966,0.012685,0.008043,0.012802,0.000000,0.000000,0.006097,0.041470,0.000000,0.017002,0.026380
2402.619414,0.005696,0.000000,0.000000,0.000000,0.000000,0.000000,0.000000,0.017188,0.000000,0.001057,0.004592,0.000000,0.011714,0.000000,0.014354
2407.550077,0.000000,0.011391,0.004449,0.000000,0.000000,0.000000,0.015927,0.000000,0.000256,0.000000,0.031688,0.021598,0.004659,0.007765,0.021989
2412.480740,0.000000,0.000000,0.001650,0.000000,0.000000,0.017707,0.000000,0.025622,0.017800,0.020694,0.000000,0.011567,0.000682,0.010207,0.016991
2417.411402,0.008754,0.020115,0.017261,0.002503,0.000000,0.000000,0.000000,0.010609,0.000000,0.033122,0.025619,0.000582,0.000000,0.013073,0.004108
2422.342065,0.000000,0.000515,0.010649,0.000000,0.006359,0.001039,0.022122,0.014645,0.001962,0.000000,0.023594,0.030677,0.035962,0.026778,0.041413
2427.272727,0.006496,0.000000,0.000000,0.000000,0.014932,0.000000,0.011021,0.000000,0.000000,0.014508,0.000000,0.013709,0.000000,0.025116,0.013143
2432.203390,0.000000,0.000000,0.006109,0.000000,0.000143,0.000000,0.002503,0.012552,0.000000,0.014799,0.015113,0.000000,0.009689,0.000000,0.000000
2437.134052,0.000000,0.000000,0.013458,0.000000,0.031127,0.004652,0.010481,0.006495,0.000000,0.000000,0.003231,0.008345,0.000000,0.032093,0.006963
2442.064715,0.000000,0.002407,0.006843,0.011639,0.000000,0.006514,0.012375,0.000000,0.000000,0.000000,0.000000,0.027521,0.017874,0.004577,0.000000
2446.995378,0.027923,0.000000,0.015455,0.029542,0.047906,0.000000,0.000000,0.034540,0.000000,0.023238,0.000000,0.000000,0.000000,0.004092,0.015152
2451.926040,0.000000,0.017136,0.000000,0.010602,0.015029,0.008635,0.000000,0.008801,0.002342,0.000000,0.000000,0.033572,0.014690,0.034209,0.031850
2456.856703,0.003664,0.000000,0.000000,0.004083,0.007455,0.000000,0.000000,0.000000,0.001198,0.000000,0.019338,0.024394,0.011142,0.009465,0.000000
2461.787365,0.000000,0.000000,0.013955,0.017761,0.000000,0.000000,0.001037,0.003212,0.000000,0.000000,0.008069,0.011466,0.027509,0.000000,0.033405
2466.718028,0.002404,0.000000,0.000000,0.015291,0.000000,0.000132,0.000000,0.013958,0.000000,0.000000,0.018351,0.034988,0.000000,0.000000,0.048499
2471.648690,0.000750,0.000000,0.000000,0.024962,0.000000,0.000000,0.019558,0.017260,0.032346,0.000000,0.000000,0.041134,0.006214,0.016062,0.023407
2476.579353,0.028628,0.000000,0.015384,0.016244,0.002678,0.034415,0.006972,0.009032,0.000000,0.010365,0.010864,0.025707,0.012767,0.029460,0.001035
2481.510015,0.000000,0.015891,0.000000,0.000000,0.028841,0.000000,0.000000,0.018568,0.000000,0.017937,0.012264,0.020439,0.046801,0.039059,0.006329
2486.440678,0.000000,0.009720,0.000000,0.003881,0.000000,0.011105,0.000000,0.022363,0.025206,0.000000,0.000000,0.044729,0.000000,0.014726,0.014881
2491.371341,0.000000,0.000000,0.000000,0.002691,0.028593,0.014862,0.000000,0.000000,0.009244,0.000000,0.000000,0.040639,0.022465,0.011057,0.001493
2496.302003,0.000000,0.000000,0.000000,0.004536,0.000000,0.000000,0.000000,0.000000,0.000000,0.000000,0.025064,0.007569,0.009742,0.043280,0.002855
2501.232666,0.011209,0.026683,0.000000,0.003009,0.010865,0.000000,0.007395,0.000000,0.017919,0.000000,0.021655,0.018635,0.024466,0.012985,0.018663
2506.163328,0.012310,0.004781,0.000000,0.000000,0.000000,0.008463,0.003139,0.001776,0.002379,0.000000,0.006741,0.019551,0.030318,0.042701,0.020872
2511.093991,0.000000,0.000066,0.005554,0.000000,0.002090,0.000000,0.000000,0.021967,0.009675,0.017557,0.019996,0.017920,0.024003,0.025406,0.033762
2516.024653,0.000000,0.015845,0.000000,0.000000,0.000000,0.005780,0.000000,0.010117,0.003550,0.033834,0.032337,0.003869,0.026851,0.026587,0.007853
2520.955316,0.000000,0.036795,0.011287,0.000000,0.010241,0.017118,0.006813,0.000000,0.000000,0.004799,0.050717,0.038846,0.028287,0.020730,0.055227
2525.885978,0.020871,0.019452,0.000000,0.001023,0.001372,0.000000,0.003772,0.000000,0.014596,0.000000,0.012068,0.028758,0.017167,0.030044,0.044440
2530.816641,0.000000,0.002095,0.000000,0.000072,0.000000,0.000000,0.016557,0.015751,0.002434,0.010829,0.035591,0.030488,0.023887,0.020072,0.043373
2535.747304,0.007904,0.005324,0.010172,0.000000,0.014209,0.000000,0.000000,0.000000,0.000000,0.000000,0.059194,0.050534,0.004780,0.018423,0.021863
2540.677966,0.000000,0.009260,0.000000,0.010326,0.010423,0.003095,0.007030,0.000000,0.000000,0.000000,0.030712,0.024604,0.025085,0.028291,0.059505
2545.608629,0.015610,0.000000,0.000000,0.013007,0.008956,0.000000,0.000000,0.004890,0.014357,0.021924,0.053131,0.033701,0.020974,0.022434,0.030183
2550.539291,0.000000,0.000000,0.027673,0.001442,0.015138,0.004726,0.002101,0.000000,0.000000,0.010307,0.000000,0.040490,0.030318,0.038793,0.064688
2555.469954,0.000000,0.000790,0.000000,0.025019,0.016518,0.003499,0.005255,0.012017,0.000723,0.000000,0.057057,0.032906,0.046686,0.037753,0.055830
2560.400616,0.000000,0.000000,0.003714,0.028079,0.000000,0.000000,0.009470,0.005458,0.009844,0.000000,0.038025,0.040000,0.044009,0.035007,0.028835
2565.331279,0.000000,0.000000,0.003002,0.000000,0.000000,0.025883,0.000000,0.008851,0.001951,0.011949,0.013258,0.055177,0.047918,0.038667,0.038280
2570.261941,0.020792,0.001445,0.021174,0.015554,0.000000,0.016273,0.001943,0.000000,0.000000,0.000000,0.055242,0.047415,0.059901,0.041245,0.076275
2575.192604,0.012313,0.035119,0.000000,0.006616,0.020250,0.012748,0.000000,0.000000,0.009587,0.000000,0.062477,0.069739,0.013207,0.074097,0.066661
2580.123267,0.000000,0.000000,0.015125,0.006278,0.010661,0.000000,0.000000,0.000000,0.014101,0.005338,0.068455,0.044315,0.057115,0.051598,0.053120
2585.053929,0.000000,0.000000,0.000000,0.014020,0.001534,0.000000,0.007492,0.004080,0.013025,0.000000,0.072387,0.062033,0.054643,0.046987,0.062780
2589.984592,0.000000,0.000000,0.016836,0.000000,0.000000,0.000000,0.000000,0.001377,0.024277,0.000000,0.058875,0.043940,0.058108,0.056125,0.067478
2594.915254,0.000000,0.006563,0.000000,0.000000,0.000477,0.000000,0.000000,0.002239,0.005489,0.011251,0.053449,0.067792,0.045897,0.075749,0.058272
2599.845917,0.000000,0.015704,0.000000,0.000000,0.000376,0.000000,0.000000,0.027197,0.011680,0.000000,0.063467,0.065696,0.078229,0.068747,0.072938
2604.776579,0.000000,0.000000,0.028443,0.000000,0.000000,0.006543,0.000000,0.019904,0.023864,0.000000,0.076317,0.101715,0.093329,0.076238,0.072919
2609.707242,0.000000,0.000000,0.004758,0.000000,0.000000,0.003462,0.022476,0.000000,0.000000,0.000000,0.090302,0.100925,0.099054,0.082347,0.084229
2614.637904,0.000000,0.000000,0.001650,0.000000,0.032468,0.005503,0.014823,0.000000,0.026070,0.002913,0.085854,0.106653,0.091635,0.097474,0.106638
2619.568567,0.000000,0.000000,0.033634,0.000000,0.003432,0.000000,0.011123,0.026057,0.026043,0.000000,0.103537,0.135868,0.111820,0.111009,0.095569
2624.499230,0.000000,0.008050,0.005424,0.008666,0.000000,0.019388,0.000000,0.000000,0.011770,0.008499,0.127155,0.142203,0.127225,0.123543,0.132759
2629.429892,0.019362,0.000688,0.000000,0.000000,0.000000,0.002838,0.000000,0.021003,0.027619,0.000000,0.132335,0.145895,0.153305,0.106006,0.137325
2634.360555,0.028005,0.000000,0.011023,0.005748,0.000000,0.000000,0.006306,0.024300,0.012802,0.015312,0.176806,0.142251,0.160156,0.130466,0.163248
2639.291217,0.000000,0.000000,0.000000,0.000000,0.010800,0.000000,0.005056,0.000000,0.000000,0.000000,0.192992,0.150567,0.162662,0.125750,0.184035
2644.221880,0.000000,0.000475,0.016928,0.000000,0.011379,0.000000,0.005387,0.000000,0.017084,0.000000,0.165782,0.192848,0.183208,0.199178,0.211605
2649.152542,0.000000,0.007559,0.018093,0.000000,0.000000,0.014502,0.000000,0.001562,0.004919,0.000000,0.199575,0.214550,0.209285,0.229738,0.228508
2654.083205,0.000000,0.000000,0.000000,0.000491,0.000779,0.000000,0.025506,0.000000,0.006225,0.000000,0.218481,0.241487,0.239708,0.263262,0.260609
2659.013867,0.000000,0.000000,0.000000,0.000000,0.000000,0.000000,0.021284,0.000000,0.002341,0.009932,0.255726,0.283131,0.264170,0.282000,0.283726
2663.944530,0.000000,0.000000,0.002651,0.014002,0.000000,0.000000,0.000000,0.000000,0.020416,0.044784,0.321972,0.306841,0.323075,0.339238,0.337693
2668.875193,0.000000,0.000000,0.000216,0.000000,0.019529,0.010004,0.000000,0.013110,0.008307,0.000000,0.346716,0.401083,0.349147,0.370009,0.365072
2673.805855,0.009095,0.024269,0.000000,0.000259,0.005593,0.000000,0.029940,0.000000,0.000000,0.000000,0.399225,0.420593,0.400556,0.423232,0.430927
2678.736518,0.000000,0.000000,0.008525,0.000206,0.037149,0.000000,0.000000,0.000000,0.007309,0.004228,0.468233,0.489426,0.474410,0.460495,0.507037
2683.667180,0.003754,0.000000,0.000000,0.010623,0.000000,0.000000,0.017090,0.000000,0.010961,0.006309,0.542143,0.571534,0.519161,0.530563,0.557873
2688.597843,0.000000,0.003291,0.000000,0.000000,0.000000,0.008369,0.027774,0.000000,0.000000,0.000000,0.577806,0.601637,0.576700,0.585926,0.623986
2693.528505,0.000000,0.000000,0.000000,0.016839,0.013248,0.000000,0.000000,0.022584,0.000000,0.000362,0.617157,0.687269,0.590312,0.646879,0.647672
2698.459168,0.000000,0.000000,0.000000,0.006904,0.000000,0.000000,0.003501,0.000000,0.000000,0.000000,0.654563,0.716841,0.650763,0.674722,0.709605
2703.389831,0.000000,0.000000,0.004612,0.002314,0.000000,0.009360,0.000000,0.000000,0.000000,0.000000,0.641817,0.702073,0.633985,0.634348,0.679717
2708.320493,0.000000,0.000000,0.000000,0.000629,0.000000,0.000000,0.006864,0.008699,0.005253,0.012632,0.611994,0.667086,0.603449,0.615139,0.667640
2713.251156,0.003512,0.000000,0.008831,0.007808,0.001515,0.005375,0.003948,0.000000,0.015287,0.023579,0.572310,0.629567,0.565562,0.564993,0.614277
2718.181818,0.000000,0.000000,0.000000,0.015234,0.005154,0.005626,0.028318,0.009389,0.028406,0.000000,0.487175,0.550613,0.506030,0.491806,0.569616
2723.112481,0.000000,0.000000,0.000000,0.014186,0.000000,0.018074,0.007993,0.019103,0.017941,0.000000,0.446774,0.532006,0.434679,0.418437,0.486938
2728.043143,0.001010,0.000000,0.000000,0.005641,0.015056,0.015687,0.000000,0.000000,0.015351,0.005945,0.378452,0.450072,0.417603,0.376812,0.416682
2732.973806,0.000000,0.000000,0.000000,0.013154,0.014895,0.000000,0.016026,0.003445,0.017168,0.015715,0.352387,0.380893,0.331874,0.315915,0.347457
2737.904468,0.000000,0.003408,0.005408,0.001779,0.004845,0.000000,0.000000,0.000000,0.020049,0.006465,0.304993,0.327152,0.307899,0.288421,0.322243
2742.835131,0.000000,0.009614,0.000000,0.018791,0.000407,0.000000,0.000000,0.007918,0.000000,0.000000,0.239493,0.303748,0.281971,0.252974,0.266501
2747.765794,0.000000,0.013455,0.000966,0.000000,0.000000,0.025179,0.032712,0.001637,0.010424,0.004518,0.242158,0.279025,0.214373,0.219999,0.256327
2752.696456,0.001376,0.000000,0.015933,0.000000,0.008269,0.006643,0.000000,0.003544,0.004853,0.013641,0.177732,0.207542,0.197028,0.192741,0.239289
2757.627119,0.002268,0.013863,0.015493,0.020071,0.013798,0.020935,0.000000,0.020802,0.000000,0.000000,0.188900,0.190207,0.160620,0.179250,0.158181
2762.557781,0.000000,0.017609,0.023409,0.001621,0.000912,0.000000,0.000000,0.007377,0.000000,0.000000,0.154914,0.150339,0.167548,0.138309,0.150212
2767.488444,0.000000,0.017053,0.000000,0.000000,0.006753,0.000000,0.000000,0.020498,0.000000,0.006800,0.122218,0.165204,0.130859,0.148767,0.155504
2772.419106,0.000000,0.020849,0.000000,0.000000,0.000000,0.022994,0.000000,0.009820,0.000000,0.004668,0.104196,0.141089,0.105490,0.096042,0.153416
2777.349769,0.000000,0.000000,0.015311,0.000000,0.000000,0.001415,0.014971,0.000000,0.000000,0.013629,0.103849,0.156533,0.127708,0.109676,0.125721
2782.280431,0.000000,0.000000,0.004647,0.031506,0.000000,0.002016,0.000000,0.004228,0.007844,0.000531,0.097329,0.110400,0.111325,0.103908,0.114169
2787.211094,0.000000,0.012379,0.016862,0.007468,0.011490,0.000850,0.000000,0.007650,0.000000,0.000000,0.077971,0.095251,0.076218,0.076984,0.106658
2792.141757,0.001379,0.000000,0.000169,0.000000,0.006708,0.009688,0.000000,0.000000,0.001609,0.000000,0.088705,0.082060,0.097814,0.056902,0.098785
2797.072419,0.000000,0.003144,0.017938,0.008195,0.023856,0.008015,0.000000,0.020309,0.005099,0.000000,0.052705,0.096086,0.076622,0.083298,0.107064
2802.003082,0.003537,0.000000,0.012699,0.000000,0.000845,0.000000,0.000000,0.001327,0.010892,0.000000,0.067063,0.053735,0.106490,0.057445,0.084707
2806.933744,0.002152,0.000000,0.010749,0.028755,0.012975,0.016321,0.001548,0.005827,0.000000,0.000000,0.061715,0.081196,0.086705,0.073762,0.050785
2811.864407,0.000000,0.000000,0.007556,0.000000,0.019848,0.000000,0.035100,0.000000,0.000000,0.000000,0.029248,0.068474,0.049357,0.068701,0.056992
2816.795069,0.000000,0.000000,0.005969,0.000000,0.014920,0.000000,0.010181,0.001394,0.000000,0.015855,0.057107,0.052840,0.049124,0.052778,0.062500
2821.725732,0.008288,0.000000,0.003499,0.000991,0.000000,0.025928,0.010338,0.004803,0.000000,0.000000,0.030046,0.042778,0.036566,0.048974,0.042881
2826.656394,0.000000,0.013330,0.003392,0.000000,0.000000,0.013825,0.000000,0.000000,0.000000,0.000000,0.008371,0.066607,0.047566,0.060311,0.047358
2831.587057,0.006910,0.014853,0.014856,0.000000,0.001950,0.000000,0.000000,0.001514,0.023070,0.000000,0.033056,0.074509,0.043221,0.048040,0.039948
2836.517720,0.003649,0.000000,0.000000,0.000000,0.000000,0.000000,0.000000,0.000000,0.000000,0.021448,0.035930,0.038527,0.050268,0.025613,0.034220
2841.448382,0.004254,0.000000,0.026038,0.006405,0.007117,0.002441,0.010716,0.020733,0.007100,0.003161,0.050109,0.049476,0.038424,0.039541,0.052424
2846.379045,0.005753,0.000000,0.000000,0.025103,0.015363,0.008096,0.000000,0.000000,0.022175,0.000000,0.027272,0.064081,0.013818,0.042998,0.033578
2851.309707,0.000000,0.006038,0.014784,0.000000,0.000000,0.000000,0.000000,0.000000,0.000000,0.011414,0.054099,0.028111,0.021155,0.035627,0.020680
2856.240370,0.000000,0.000000,0.000000,0.017571,0.029591,0.000000,0.000000,0.000000,0.024464,0.000259,0.051667,0.031155,0.051090,0.033499,0.024249
2861.171032,0.009559,0.009091,0.000000,0.000000,0.000000,0.000000,0.000000,0.000000,0.027726,0.000000,0.044806,0.015391,0.045620,0.026693,0.033662
2866.101695,0.006463,0.026278,0.030487,0.035238,0.000000,0.000000,0.000000,0.008454,0.014197,0.022173,0.046598,0.028801,0.025159,0.025504,0.063147
2871.032357,0.003104,0.000000,0.000000,0.006543,0.000000,0.003247,0.007826,0.000000,0.035606,0.009881,0.030744,0.028058,0.024042,0.011798,0.033599
2875.963020,0.000000,0.000000,0.000000,0.000000,0.000000,0.012307,0.000000,0.004559,0.009358,0.025081,0.015975,0.021714,0.022208,0.003014,0.050570
2880.893683,0.008071,0.000000,0.000000,0.016584,0.006271,0.015397,0.000000,0.000000,0.000000,0.016544,0.032515,0.015717,0.023679,0.039969,0.034278
2885.824345,0.017545,0.000000,0.000000,0.007893,0.000303,0.000000,0.000000,0.033398,0.007878,0.010855,0.036068,0.002381,0.000000,0.012447,0.000000
2890.755008,0.015148,0.000000,0.032331,0.000000,0.024923,0.003541,0.000000,0.008471,0.000000,0.001267,0.024216,0.004540,0.033916,0.024196,0.030072
2895.685670,0.003511,0.019582,0.003104,0.010656,0.009113,0.008326,0.003057,0.029633,0.000000,0.000000,0.016059,0.008637,0.010678,0.000000,0.010419
2900.616333,0.000000,0.003403,0.014024,0.000000,0.008068,0.000000,0.014288,0.000000,0.000000,0.009886,0.000000,0.030616,0.021265,0.021286,0.001825
2905.546995,0.014141,0.000000,0.000000,0.000000,0.000000,0.000000,0.002864,0.010242,0.034758,0.000392,0.027863,0.013251,0.000000,0.005678,0.005041
2910.477658,0.000000,0.009807,0.005292,0.030477,0.000000,0.031873,0.002087,0.000000,0.000000,0.009392,0.022257,0.007450,0.020828,0.061559,0.047366
2915.408320,0.000000,0.018908,0.010075,0.000000,0.000000,0.003092,0.000000,0.008959,0.000000,0.000000,0.000000,0.028071,0.035874,0.001243,0.000000
2920.338983,0.005661,0.000000,0.027027,0.000000,0.000000,0.013259,0.012001,0.010449,0.000000,0.000000,0.017056,0.025936,0.000000,0.001320,0.009440
2925.269646,0.000000,0.000000,0.000000,0.005084,0.014280,0.000000,0.000000,0.000000,0.002193,0.000000,0.025599,0.006415,0.037088,0.029146,0.035534
2930.200308,0.000000,0.000000,0.009055,0.000000,0.000000,0.000641,0.004637,0.000000,0.000000,0.009766,0.012676,0.007529,0.021475,0.031417,0.027406
2935.130971,0.000000,0.004272,0.004541,0.000000,0.024989,0.000000,0.000000,0.000000,0.000000,0.018607,0.025289,0.025214,0.003625,0.000000,0.000000
2940.061633,0.019092,0.009602,0.000000,0.000000,0.011032,0.000000,0.000000,0.000000,0.000000,0.000000,0.024304,0.020377,0.000000,0.017086,0.014452
2944.992296,0.000000,0.017736,0.000000,0.000000,0.012536,0.017899,0.000000,0.000000,0.000000,0.006124,0.000000,0.002666,0.029697,0.025870,0.007770
2949.922958,0.004068,0.018190,0.000000,0.001081,0.003463,0.031498,0.000000,0.000000,0.000000,0.019981,0.007678,0.017462,0.016291,0.000000,0.012072
2954.853621,0.026222,0.017784,0.000000,0.016841,0.003133,0.017964,0.007879,0.000000,0.004580,0.000000,0.018836,0.013089,0.020583,0.021992,0.025861
2959.784284,0.023913,0.020431,0.008983,0.000000,0.009802,0.010317,0.015641,0.001713,0.031346,0.000000,0.024788,0.028909,0.007762,0.003477,0.005334
2964.714946,0.000000,0.009923,0.008106,0.007395,0.013843,0.000809,0.000000,0.008425,0.016007,0.000000,0.031675,0.000164,0.000000,0.000000,0.008749
2969.645609,0.000000,0.000000,0.000000,0.009026,0.000000,0.000000,0.000000,0.000000,0.027566,0.016942,0.000000,0.024709,0.023310,0.005295,0.035184
2974.576271,0.000000,0.000000,0.000000,0.000000,0.007387,0.000000,0.028504,0.000000,0.007505,0.003279,0.009066,0.017856,0.000000,0.003264,0.000000
2979.506934,0.000000,0.004711,0.022201,0.003429,0.039319,0.009206,0.012143,0.000346,0.000000,0.000000,0.020283,0.000000,0.023025,0.000000,0.006731
2984.437596,0.006383,0.000000,0.003993,0.000000,0.000000,0.000000,0.020825,0.000000,0.000000,0.000000,0.027472,0.025969,0.000000,0.042826,0.019080
2989.368259,0.005939,0.013671,0.015253,0.015961,0.000000,0.014011,0.000656,0.000000,0.000286,0.000000,0.034011,0.023542,0.000000,0.002341,0.000000
2994.298921,0.001656,0.000000,0.021157,0.006829,0.000000,0.000000,0.000000,0.012368,0.000000,0.014254,0.000000,0.000000,0.000000,0.000000,0.001783
2999.229584,0.014925,0.000000,0.000000,0.000250,0.000000,0.000000,0.000000,0.012914,0.000000,0.000000,0.002925,0.038216,0.027635,0.021267,0.000000
3004.160247,0.000000,0.021667,0.012185,0.000000,0.017836,0.000000,0.009805,0.010401,0.024695,0.000000,0.000000,0.000000,0.000000,0.007171,0.013038
3009.090909,0.000000,0.009993,0.000000,0.001742,0.000917,0.000000,0.013512,0.000000,0.005215,0.008946,0.020015,0.000000,0.000000,0.027871,0.000988
3014.021572,0.010971,0.003291,0.000000,0.000000,0.004497,0.000000,0.000000,0.029994,0.017215,0.000000,0.000000,0.004387,0.017543,0.003749,0.022013
3018.952234,0.008765,0.013903,0.000000,0.010592,0.027675,0.016995,0.000000,0.026303,0.000000,0.000182,0.024941,0.019754,0.011122,0.012729,0.025289
3023.882897,0.016067,0.015940,0.000000,0.000000,0.037640,0.000000,0.003052,0.000000,0.000000,0.008320,0.021050,0.016817,0.039034,0.008647,0.010315
3028.813559,0.005958,0.005118,0.016712,0.000000,0.000000,0.003292,0.000000,0.000000,0.000000,0.000000,0.014180,0.006875,0.033785,0.009520,0.003639
3033.744222,0.000000,0.000000,0.001860,0.013885,0.015821,0.017385,0.000000,0.018011,0.000000,0.000000,0.000000,0.027562,0.016032,0.003722,0.013081
3038.674884,0.005436,0.000000,0.000000,0.010825,0.009360,0.018899,0.023402,0.000000,0.018410,0.003109,0.000000,0.013571,0.016874,0.005068,0.009798
3043.605547,0.000000,0.000000,0.000000,0.000000,0.005996,0.000000,0.031914,0.006158,0.029964,0.000000,0.017454,0.027553,0.000000,0.031404,0.000000
3048.536210,0.000000,0.000000,0.005122,0.017433,0.007202,0.019941,0.000000,0.000869,0.000000,0.000000,0.000000,0.047749,0.000000,0.000000,0.024707
3053.466872,0.008713,0.002983,0.000000,0.000000,0.000000,0.005782,0.026603,0.000000,0.000000,0.002513,0.002446,0.009926,0.001721,0.000000,0.011734
3058.397535,0.000000,0.017885,0.000000,0.000000,0.023872,0.000063,0.000000,0.000000,0.000000,0.002743,0.004281,0.000000,0.003712,0.000772,0.020055
3063.328197,0.004629,0.000000,0.000000,0.001859,0.009252,0.006644,0.000000,0.000000,0.000000,0.000000,0.018847,0.000284,0.000000,0.014224,0.000000
3068.258860,0.000000,0.000000,0.000000,0.000000,0.005208,0.000000,0.000000,0.000000,0.000000,0.000000,0.009693,0.000000,0.000000,0.011544,0.021036
3073.189522,0.000000,0.030423,0.000000,0.000000,0.018744,0.000000,0.013485,0.000000,0.001764,0.006123,0.009422,0.007760,0.000000,0.019344,0.039461
3078.120185,0.000000,0.000000,0.000000,0.000000,0.013489,0.000000,0.000000,0.034360,0.005806,0.016143,0.000000,0.007679,0.020883,0.000000,0.016773
3083.050847,0.000000,0.000000,0.030062,0.022957,0.006944,0.009158,0.034228,0.022742,0.006168,0.019610,0.005149,0.000000,0.011610,0.008992,0.000000
3087.981510,0.000000,0.003567,0.019938,0.022497,0.004946,0.000000,0.004106,0.018582,0.000000,0.000000,0.002945,0.000000,0.000609,0.002371,0.007720
3092.912173,0.000000,0.006388,0.006752,0.000000,0.026379,0.000000,0.001962,0.004678,0.000000,0.015746,0.015593,0.002027,0.001287,0.000601,0.006128
3097.842835,0.013462,0.000000,0.000000,0.024159,0.007687,0.014554,0.000000,0.015122,0.000000,0.010751,0.002021,0.002856,0.009296,0.007178,0.010180
3102.773498,0.005718,0.011859,0.032864,0.000000,0.000000,0.021188,0.021639,0.019222,0.014101,0.000000,0.019873,0.000000,0.000000,0.000000,0.003218
3107.704160,0.000000,0.000000,0.004847,0.005711,0.000000,0.011519,0.000000,0.015374,0.000000,0.006736,0.000000,0.019449,0.001101,0.008565,0.014120
3112.634823,0.000000,0.000000,0.000000,0.013256,0.000000,0.019038,0.000000,0.013905,0.000000,0.011823,0.022116,0.005745,0.000000,0.006538,0.000000
3117.565485,0.011355,0.002681,0.004549,0.004383,0.000000,0.000000,0.000000,0.000000,0.000000,0.026084,0.001698,0.005033,0.014270,0.000000,0.009856
3122.496148,0.000000,0.011564,0.004592,0.036230,0.001659,0.000000,0.013038,0.006550,0.000000,0.000000,0.020833,0.009345,0.018346,0.002759,0.000000
3127.426810,0.000000,0.000000,0.021157,0.003652,0.003900,0.004787,0.013976,0.000000,0.000000,0.008432,0.005251,0.000000,0.009653,0.027124,0.007650
3132.357473,0.008151,0.004962,0.000000,0.000000,0.000000,0.000000,0.000000,0.000000,0.000000,0.000000,0.016579,0.004106,0.011210,0.000000,0.021102
3137.288136,0.010234,0.000000,0.031492,0.019584,0.000319,0.000000,0.000543,0.000000,0.026430,0.000000,0.025958,0.019742,0.009504,0.012700,0.000000
3142.218798,0.025513,0.042369,0.000000,0.000000,0.009781,0.024794,0.005039,0.006518,0.004276,0.016564,0.000000,0.020211,0.033461,0.000434,0.015931
3147.149461,0.017028,0.000000,0.010413,0.000000,0.002542,0.000000,0.013598,0.015892,0.004429,0.011677,0.004823,0.011220,0.007006,0.000000,0.000000
3152.080123,0.004691,0.020765,0.000000,0.000000,0.000000,0.000000,0.000723,0.000000,0.031935,0.000000,0.001031,0.000398,0.000000,0.000000,0.000021
3157.010786,0.004532,0.000000,0.027259,0.015017,0.019074,0.007322,0.024998,0.026271,0.000000,0.000000,0.006554,0.000000,0.000000,0.000000,0.001980
3161.941448,0.011807,0.000000,0.000000,0.012279,0.000000,0.027548,0.000000,0.022122,0.008747,0.002897,0.000000,0.023393,0.014047,0.022783,0.024329
3166.872111,0.000000,0.010827,0.000000,0.011988,0.000000,0.001223,0.000000,0.000000,0.000776,0.000000,0.000770,0.011778,0.019063,0.015508,0.000000
3171.802773,0.000000,0.013412,0.013866,0.014678,0.000000,0.018482,0.000000,0.000000,0.018274,0.012364,0.000000,0.000000,0.014741,0.000000,0.023733
3176.733436,0.013596,0.019007,0.018832,0.025367,0.000000,0.000000,0.000000,0.000000,0.007996,0.000000,0.000000,0.000000,0.015662,0.018067,0.000000
3181.664099,0.029364,0.004932,0.000000,0.000000,0.014783,0.000000,0.000000,0.014786,0.005189,0.001941,0.000201,0.000000,0.006212,0.001252,0.002745
3186.594761,0.000000,0.000000,0.000000,0.014066,0.017522,0.000000,0.014272,0.000000,0.000000,0.004516,0.000000,0.000000,0.000000,0.000000,0.018875
3191.525424,0.000000,0.000000,0.000000,0.000000,0.003183,0.000000,0.003143,0.000000,0.004674,0.026387,0.023668,0.021911,0.000000,0.009413,0.015511
3196.456086,0.002980,0.007647,0.002062,0.000000,0.000000,0.027556,0.000000,0.005205,0.017938,0.000076,0.009507,0.006448,0.000000,0.000000,0.000000
3201.386749,0.020150,0.008716,0.000000,0.015854,0.000000,0.000000,0.004424,0.000000,0.000000,0.000000,0.030740,0.000000,0.000000,0.000000,0.000000
3206.317411,0.000000,0.020973,0.000000,0.005869,0.000000,0.024569,0.000000,0.002153,0.000000,0.025379,0.000000,0.000000,0.000000,0.022056,0.018061
3211.248074,0.022043,0.006279,0.000000,0.000000,0.000000,0.000000,0.000000,0.017422,0.000000,0.000000,0.000000,0.041390,0.004520,0.000000,0.000000
3216.178737,0.000000,0.015905,0.000000,0.005422,0.000000,0.000000,0.007060,0.004615,0.000000,0.000000,0.006817,0.021186,0.000628,0.010759,0.013423
3221.109399,0.000000,0.022754,0.000000,0.000000,0.001693,0.012547,0.009657,0.011732,0.000000,0.000000,0.000000,0.000000,0.000000,0.000000,0.000000
3226.040062,0.000000,0.002474,0.007937,0.000000,0.009700,0.009464,0.000000,0.007430,0.011464,0.015602,0.005870,0.001403,0.013483,0.002168,0.004350
3230.970724,0.011800,0.000000,0.022741,0.006516,0.000000,0.004241,0.012884,0.010939,0.000000,0.003589,0.000000,0.000000,0.013833,0.000000,0.039529
3235.901387,0.015681,0.000000,0.000000,0.000000,0.006923,0.000000,0.027238,0.002195,0.000000,0.006549,0.000000,0.000000,0.000000,0.000000,0.027887
3240.832049,0.000000,0.000000,0.000000,0.000000,0.000000,0.005444,0.000000,0.000000,0.000000,0.002020,0.006122,0.005692,0.004865,0.000000,0.017071
3245.762712,0.000000,0.023876,0.000000,0.000000,0.000000,0.000000,0.010311,0.000000,0.000000,0.000000,0.002985,0.038463,0.013048,0.000786,0.000000
3250.693374,0.005055,0.000000,0.007388,0.026540,0.000000,0.038544,0.000000,0.000000,0.000000,0.000000,0.029850,0.025915,0.000000,0.001808,0.009083
3255.624037,0.000000,0.018480,0.000000,0.000000,0.017373,0.000000,0.000000,0.018892,0.000000,0.000000,0.011574,0.003625,0.014945,0.000000,0.004989
3260.554700,0.000000,0.008788,0.000000,0.003344,0.015466,0.002841,0.008392,0.024401,0.000000,0.005976,0.000000,0.000000,0.005295,0.001261,0.002609
3265.485362,0.015579,0.025731,0.000000,0.009153,0.000000,0.000000,0.000000,0.006318,0.000000,0.001404,0.016640,0.005842,0.017974,0.016956,0.024342
3270.416025,0.007412,0.015048,0.010453,0.009590,0.018072,0.000000,0.002207,0.000000,0.000433,0.023787,0.000000,0.018027,0.005155,0.000000,0.000000
3275.346687,0.007400,0.000000,0.001491,0.000000,0.000000,0.000000,0.000000,0.000000,0.001333,0.000000,0.003306,0.000000,0.000057,0.005957,0.008806
3280.277350,0.000000,0.000000,0.000000,0.000000,0.022692,0.014733,0.000000,0.000000,0.000000,0.000000,0.000000,0.000000,0.009747,0.000000,0.005853
3285.208012,0.015436,0.001279,0.005555,0.002115,0.007253,0.000000,0.011382,0.020841,0.032570,0.000000,0.000000,0.030365,0.013625,0.007733,0.000000
3290.138675,0.000000,0.002631,0.000000,0.012005,0.000000,0.008450,0.024995,0.005028,0.007036,0.020034,0.021370,0.006781,0.005891,0.011512,0.030027
3295.069337,0.016449,0.000000,0.000000,0.000000,0.011941,0.000000,0.000000,0.000000,0.000000,0.000000,0.000000,0.026261,0.000000,0.038762,0.000000
3300.000000,0.000000,0.000000,0.008938,0.000000,0.000000,0.000000,0.000000,0.000000,0.000000,0.011033,0.000000,0.006076,0.000000,0.015379,0.004183
